,id,currency,symbol,name,logo_url,status,price,price_date,price_timestamp,circulating_supply,max_supply,market_cap,market_cap_dominance,num_exchanges,num_pairs,num_pairs_unmapped,first_candle,first_trade,first_order_book,rank,rank_delta,high,high_timestamp,1d,30d,platform_currency,first_priced_at
0,BTC,BTC,BTC,Bitcoin,https://s3.us-east-2.amazonaws.com/nomics-api/static/images/currencies/btc.svg,active,37826.90240597,2022-02-11T00:00:00Z,2022-02-11T02:10:00Z,18954368,21000000,716985028503,0.4037,408,85131,6838,2011-08-18T00:00:00Z,2011-08-18T00:00:00Z,2017-01-06T00:00:00Z,1,0,58436.11913501,2021-11-08T00:00:00Z,"{'volume': '39888694239.64', 'price_change': '-594.89123192', 'price_change_pct': '-0.0155', 'volume_change': '14742353693.17', 'volume_change_pct': '0.5863', 'market_cap_change': '-11239555578.44', 'market_cap_change_pct': '-0.0154'}","{'volume': '845688945828.05', 'price_change': '-625.98209004', 'price_change_pct': '-0.0163', 'volume_change': '-91370852607.10', 'volume_change_pct': '-0.0975', 'market_cap_change': '-10792759306.06', 'market_cap_change_pct': '-0.0148'}",,
1,ETH,ETH,ETH,Ethereum,https://s3.us-east-2.amazonaws.com/nomics-api/static/images/currencies/eth.svg,active,2676.73225824,2022-02-11T00:00:00Z,2022-02-11T02:10:00Z,119530063,0,319949976462,0.1802,441,78414,58702,2015-08-07T00:00:00Z,2015-08-07T00:00:00Z,2018-08-29T00:00:00Z,2,0,4159.36282543,2021-11-08T00:00:00Z,"{'volume': '25629229067.44', 'price_change': '-117.99137484', 'price_change_pct': '-0.0422', 'volume_change': '7999373644.13', 'volume_change_pct': '0.4537', 'market_cap_change': '-14065781106.03', 'market_cap_change_pct': '-0.0421'}","{'volume': '598401210441.96', 'price_change': '-276.86672885', 'price_change_pct': '-0.0937', 'volume_change': '-38049002235.87', 'volume_change_pct': '-0.0598', 'market_cap_change': '-31892295491.57', 'market_cap_change_pct': '-0.0906'}",ETH,
2,USDT,USDT,USDT,Tether,https://s3.us-east-2.amazonaws.com/nomics-api/static/images/currencies/usdt.svg,active,0.87762552,2022-02-11T00:00:00Z,2022-02-11T02:10:00Z,78385451173,0,68793072633,0.0387,385,72062,24679,2013-12-27T00:00:00Z,2013-12-27T00:00:00Z,2018-08-29T00:00:00Z,3,0,0.97148261,2015-11-04T00:00:00Z,"{'volume': '80134237200.90', 'price_change': '0.00065216471', 'price_change_pct': '0.0007', 'volume_change': '18687107958.37', 'volume_change_pct': '0.3041', 'market_cap_change': '358937921.25', 'market_cap_change_pct': '0.0052'}","{'volume': '1948715841360.21', 'price_change': '0.0020412856', 'price_change_pct': '0.0023', 'volume_change': '-315560832805.66', 'volume_change_pct': '-0.1394', 'market_cap_change': '155000381.56', 'market_cap_change_pct': '0.0023'}",ETH,
3,BNB,BNB,BNB,Binance Coin,https://s3.us-east-2.amazonaws.com/nomics-api/static/images/currencies/bnb.svg,active,361.99858103,2022-02-11T00:00:00Z,2022-02-11T02:10:00Z,168137036,168137036,60865368415,0.0343,180,17558,804137,2017-07-14T00:00:00Z,2017-07-14T00:00:00Z,2018-08-29T00:00:00Z,4,0,572.21444090,2021-11-25T00:00:00Z,"{'volume': '2027620547.01', 'price_change': '-3.74118193', 'price_change_pct': '-0.0102', 'volume_change': '486327322.49', 'volume_change_pct': '0.3155', 'market_cap_change': '-629031240.14', 'market_cap_change_pct': '-0.0102'}","{'volume': '62992674044.60', 'price_change': '-65.72906716', 'price_change_pct': '-0.1537', 'volume_change': '-1533694497.12', 'volume_change_pct': '-0.0238', 'market_cap_change': '-11051490524.45', 'market_cap_change_pct': '-0.1537'}",BNB,
4,USDC,USDC,USDC,USD Coin,https://s3.us-east-2.amazonaws.com/nomics-api/static/images/currencies/usdc.svg,active,0.87696925,2022-02-11T00:00:00Z,2022-02-11T02:10:00Z,52086157455,52087669136,45677958575,0.0257,234,6608,7862,2018-09-27T00:00:00Z,2018-09-27T00:00:00Z,2018-10-26T00:00:00Z,5,0,0.93949237,2020-03-20T00:00:00Z,"{'volume': '4850036350.94', 'price_change': '0.00075480968', 'price_change_pct': '0.0009', 'volume_change': '1009022954.66', 'volume_change_pct': '0.2627', 'market_cap_change': '236461698.99', 'market_cap_change_pct': '0.0052'}","{'volume': '121749621160.62', 'price_change': '0.0017580661', 'price_change_pct': '0.0020', 'volume_change': '28711293332.02', 'volume_change_pct': '0.3086', 'market_cap_change': '7049213325.59', 'market_cap_change_pct': '0.1825'}",ETH,
5,XRP,XRP,XRP,XRP,https://s3.us-east-2.amazonaws.com/nomics-api/static/images/currencies/XRP.svg,active,0.71913604,2022-02-11T00:00:00Z,2022-02-11T02:10:00Z,47832461678,100000000000,34398046884,0.0194,271,2467,101,2013-05-09T00:00:00Z,2013-05-09T00:00:00Z,2018-08-29T00:00:00Z,6,0,2.28961925,2018-01-07T00:00:00Z,"{'volume': '3010141579.33', 'price_change': '-0.032140009', 'price_change_pct': '-0.0428', 'volume_change': '-617161104.71', 'volume_change_pct': '-0.1701', 'market_cap_change': '-1537335755.57', 'market_cap_change_pct': '-0.0428'}","{'volume': '57146921958.25', 'price_change': '0.019824932', 'price_change_pct': '0.0283', 'volume_change': '-9007047912.11', 'volume_change_pct': '-0.1362', 'market_cap_change': '1126784003.05', 'market_cap_change_pct': '0.0339'}",,
6,ADA,ADA,ADA,Cardano,https://s3.us-east-2.amazonaws.com/nomics-api/static/images/currencies/ada.svg,active,0.99643935,2022-02-11T00:00:00Z,2022-02-11T02:10:00Z,32066390668,45000000000,31952213449,0.0180,138,687,2,2017-10-01T00:00:00Z,2017-11-22T00:00:00Z,2018-08-29T00:00:00Z,7,0,2.50105703,2021-09-02T00:00:00Z,"{'volume': '1548731096.07', 'price_change': '-0.033208823', 'price_change_pct': '-0.0323', 'volume_change': '377560835.16', 'volume_change_pct': '0.3224', 'market_cap_change': '-1064887076.48', 'market_cap_change_pct': '-0.0323'}","{'volume': '57718055397.43', 'price_change': '-0.15314896', 'price_change_pct': '-0.1332', 'volume_change': '16234655335.40', 'volume_change_pct': '0.3914', 'market_cap_change': '-4910934527.29', 'market_cap_change_pct': '-0.1332'}",,
7,SOL,SOL,SOL,Solana,https://nomics-api.s3.us-east-2.amazonaws.com/static/images/currencies/SOL2.jpg,active,92.00268192,2022-02-11T00:00:00Z,2022-02-11T02:10:00Z,317630644,508180964,29222871105,0.0165,106,2342,438,2020-04-07T00:00:00Z,2020-04-10T00:00:00Z,2020-04-07T00:00:00Z,8,0,224.22326234,2021-11-06T00:00:00Z,"{'volume': '2548094256.60', 'price_change': '-5.56584976', 'price_change_pct': '-0.0570', 'volume_change': '344037398.84', 'volume_change_pct': '0.1561', 'market_cap_change': '-1751712206.35', 'market_cap_change_pct': '-0.0566'}","{'volume': '81836613859.06', 'price_change': '-40.68963520', 'price_change_pct': '-0.3066', 'volume_change': '14296132200.39', 'volume_change_pct': '0.2117', 'market_cap_change': '-12147796202.24', 'market_cap_change_pct': '-0.2936'}",SOL,
8,HEX,HEX,HEX,HEX,https://s3.us-east-2.amazonaws.com/nomics-api/static/images/currencies/HEX.png,active,0.18364053,2022-02-11T00:00:00Z,2022-02-11T02:09:00Z,135878864447,638446781434,24952866985,0.0141,35,101,8,2019-12-13T00:00:00Z,2020-05-18T00:00:00Z,2020-03-11T00:00:00Z,9,0,0.41546341,2021-09-18T00:00:00Z,"{'volume': '11098778.07', 'price_change': '0.0010484105', 'price_change_pct': '0.0057', 'volume_change': '-6003246.49', 'volume_change_pct': '-0.3510', 'market_cap_change': '137193966.91', 'market_cap_change_pct': '0.0055'}","{'volume': '435354367.52', 'price_change': '-0.015048912', 'price_change_pct': '-0.0757', 'volume_change': '-446162737.78', 'volume_change_pct': '-0.5061', 'market_cap_change': '-1971240436.00', 'market_cap_change_pct': '-0.0732'}",ETH,
9,AVAX,AVAX,AVAX,Avalanche,https://s3.us-east-2.amazonaws.com/nomics-api/static/images/currencies/AVAX.svg,active,79.26134748,2022-02-11T00:00:00Z,2022-02-11T02:10:00Z,245278733,397417607,19441122876,0.0109,82,1414,10802,2020-07-08T00:00:00Z,2020-07-22T00:00:00Z,2020-07-08T00:00:00Z,10,2,120.11078032,2021-11-22T00:00:00Z,"{'volume': '1861027274.11', 'price_change': '1.53195480', 'price_change_pct': '0.0197', 'volume_change': '512405562.59', 'volume_change_pct': '0.3799', 'market_cap_change': '375208266.12', 'market_cap_change_pct': '0.0197'}","{'volume': '36795381143.60', 'price_change': '-4.74573954', 'price_change_pct': '-0.0565', 'volume_change': '-14390891102.43', 'volume_change_pct': '-0.2811', 'market_cap_change': '-1082443880.39', 'market_cap_change_pct': '-0.0527'}",AVAX,
10,DOT,DOT,DOT,Polkadot,https://s3.us-east-2.amazonaws.com/nomics-api/static/images/currencies/DOT.svg,active,17.87386120,2022-02-11T00:00:00Z,2022-02-11T02:10:00Z,1083352397,1164301530,19363690371,0.0109,132,465,0,2018-12-12T00:00:00Z,2019-08-27T00:00:00Z,2019-08-28T00:00:00Z,11,-1,312.62139569,2020-08-12T00:00:00Z,"{'volume': '1163072387.95', 'price_change': '-1.08615560', 'price_change_pct': '-0.0573', 'volume_change': '337182751.37', 'volume_change_pct': '0.4083', 'market_cap_change': '-1170931954.28', 'market_cap_change_pct': '-0.0570'}","{'volume': '37433620142.16', 'price_change': '-6.05749173', 'price_change_pct': '-0.2531', 'volume_change': '-5349150946.06', 'volume_change_pct': '-0.1250', 'market_cap_change': '-6321035042.34', 'market_cap_change_pct': '-0.2461'}",,
11,LUNA,LUNA,LUNA,Terra,https://s3.us-east-2.amazonaws.com/nomics-api/static/images/currencies/LUNA.jpg,active,45.83641288,2022-02-11T00:00:00Z,2022-02-11T02:10:00Z,401346586,818462752,18396287819,0.0104,69,146,15,2019-06-05T00:00:00Z,2019-07-26T00:00:00Z,2019-07-04T00:00:00Z,12,-1,88.32446784,2021-12-26T00:00:00Z,"{'volume': '1985125027.26', 'price_change': '-3.04948362', 'price_change_pct': '-0.0624', 'volume_change': '401027734.38', 'volume_change_pct': '0.2532', 'market_cap_change': '-1224884483.23', 'market_cap_change_pct': '-0.0624'}","{'volume': '81910209180.23', 'price_change': '-25.85866309', 'price_change_pct': '-0.3607', 'volume_change': '-8559908948.44', 'volume_change_pct': '-0.0946', 'market_cap_change': '-7210835491.47', 'market_cap_change_pct': '-0.2816'}",LUNA,
12,DOGE,DOGE,DOGE,Dogecoin,https://s3.us-east-2.amazonaws.com/nomics-api/static/images/currencies/doge.svg,active,0.13272632,2022-02-11T00:00:00Z,2022-02-11T02:10:00Z,132670764300,0,17608902323,0.0099,222,3024,1021,2014-01-21T00:00:00Z,2014-01-21T00:00:00Z,2018-09-12T00:00:00Z,13,0,0.57080576,2021-05-07T00:00:00Z,"{'volume': '968610602.40', 'price_change': '-0.0053069924', 'price_change_pct': '-0.0384', 'volume_change': '172393509.26', 'volume_change_pct': '0.2165', 'market_cap_change': '-704082742.51', 'market_cap_change_pct': '-0.0384'}","{'volume': '37519080699.88', 'price_change': '-0.0099531741', 'price_change_pct': '-0.0698', 'volume_change': '-5201070017.58', 'volume_change_pct': '-0.1217', 'market_cap_change': '-1320495217.45', 'market_cap_change_pct': '-0.0698'}",,
13,SHIB,SHIB,SHIB,Shiba Inu,https://s3.us-east-2.amazonaws.com/nomics-api/static/images/currencies/SHIB.png,active,0.000026567026,2022-02-11T00:00:00Z,2022-02-11T02:10:00Z,589732946128898,999991833695707,15667450386,0.0088,119,294,39,2020-07-31T00:00:00Z,2020-07-31T00:00:00Z,2021-02-01T00:00:00Z,14,0,0.000068611080,2021-10-27T00:00:00Z,"{'volume': '1913311821.36', 'price_change': '-0.0000018063252', 'price_change_pct': '-0.0637', 'volume_change': '-90750689.12', 'volume_change_pct': '-0.0453', 'market_cap_change': '-1065249685.04', 'market_cap_change_pct': '-0.0637'}","{'volume': '34978500216.76', 'price_change': '-0.0000010009582', 'price_change_pct': '-0.0363', 'volume_change': '2227257538.33', 'volume_change_pct': '0.0680', 'market_cap_change': '-590335995.34', 'market_cap_change_pct': '-0.0363'}",ETH,
14,BUSD,BUSD,BUSD,Binance USD,https://s3.us-east-2.amazonaws.com/nomics-api/static/images/currencies/BUSD.png,active,0.87695811,2022-02-11T00:00:00Z,2022-02-11T02:10:00Z,17575094806,17575094806,15412621884,0.0087,97,7680,23811,2017-07-09T00:00:00Z,2019-09-19T00:00:00Z,2019-09-19T00:00:00Z,15,0,0.93884425,2020-03-20T00:00:00Z,"{'volume': '4203710930.49', 'price_change': '0.00093101621', 'price_change_pct': '0.0011', 'volume_change': '1391296572.76', 'volume_change_pct': '0.4947', 'market_cap_change': '231827509.12', 'market_cap_change_pct': '0.0153'}","{'volume': '97762078349.27', 'price_change': '0.0019174804', 'price_change_pct': '0.0022', 'volume_change': '2365831403.09', 'volume_change_pct': '0.0248', 'market_cap_change': '3133903779.99', 'market_cap_change_pct': '0.2552'}",ETH,
15,MATIC,MATIC,MATIC,Polygon,https://s3.us-east-2.amazonaws.com/nomics-api/static/images/currencies/matic.png,active,1.60283858,2022-02-11T00:00:00Z,2022-02-11T02:10:00Z,7477274364,0,11984863853,0.0067,165,2550,19203,2019-04-26T00:00:00Z,2019-04-26T00:00:00Z,2019-04-26T00:00:00Z,16,0,2.55217635,2021-12-26T00:00:00Z,"{'volume': '1635205472.82', 'price_change': '-0.12464707', 'price_change_pct': '-0.0722', 'volume_change': '332009280.15', 'volume_change_pct': '0.2548', 'market_cap_change': '-909210488.61', 'market_cap_change_pct': '-0.0705'}","{'volume': '38496699754.99', 'price_change': '-0.49770667', 'price_change_pct': '-0.2369', 'volume_change': '-18025184195.27', 'volume_change_pct': '-0.3189', 'market_cap_change': '-3061115822.35', 'market_cap_change_pct': '-0.2035'}",MATIC,
16,CRO,CRO,CRO,Crypto.com Chain,https://s3.us-east-2.amazonaws.com/nomics-api/static/images/currencies/cro.jpg,active,0.44232460,2022-02-11T00:00:00Z,2022-02-11T02:10:00Z,25263013692,30263013692,11174452402,0.0063,76,218,1,2019-03-07T00:00:00Z,2019-03-08T00:00:00Z,2019-03-08T00:00:00Z,17,0,0.78999080,2021-11-23T00:00:00Z,"{'volume': '329822886.74', 'price_change': '-0.0066386446', 'price_change_pct': '-0.0148', 'volume_change': '142533184.72', 'volume_change_pct': '0.7610', 'market_cap_change': '-167712170.03', 'market_cap_change_pct': '-0.0148'}","{'volume': '5457468065.38', 'price_change': '0.016467649', 'price_change_pct': '0.0387', 'volume_change': '-2542714967.65', 'volume_change_pct': '-0.3178', 'market_cap_change': '416022440.24', 'market_cap_change_pct': '0.0387'}",ETH,
17,WBTC,WBTC,WBTC,Wrapped Bitcoin,https://s3.us-east-2.amazonaws.com/nomics-api/static/images/currencies/WBTC.png,active,37779.34706526,2022-02-11T00:00:00Z,2022-02-11T02:10:00Z,261814,261814,9891179369,0.0056,90,1183,149,2019-01-29T00:00:00Z,2019-01-29T00:00:00Z,2019-02-14T00:00:00Z,18,1,58440.34881554,2021-11-08T00:00:00Z,"{'volume': '253450939.95', 'price_change': '-601.84610991', 'price_change_pct': '-0.0157', 'volume_change': '79987411.31', 'volume_change_pct': '0.4611', 'market_cap_change': '-157572014.55', 'market_cap_change_pct': '-0.0157'}","{'volume': '8480833893.93', 'price_change': '-632.64578079', 'price_change_pct': '-0.0165', 'volume_change': '-86250416438.85', 'volume_change_pct': '-0.9105', 'market_cap_change': '-356404507.00', 'market_cap_change_pct': '-0.0348'}",ETH,
18,UST,UST,UST,TerraUSD,https://s3.us-east-2.amazonaws.com/nomics-api/static/images/currencies/UST2.png,active,0.87769059,2022-02-11T00:00:00Z,2022-02-11T02:10:00Z,11259791871,11259791871,9882613419,0.0056,40,257,715,2019-06-05T00:00:00Z,2020-12-03T00:00:00Z,2020-11-23T00:00:00Z,19,1,0.89777079,2022-01-30T00:00:00Z,"{'volume': '289548996.63', 'price_change': '0.00055023523', 'price_change_pct': '0.0006', 'volume_change': '75063175.20', 'volume_change_pct': '0.3500', 'market_cap_change': '9485020.11', 'market_cap_change_pct': '0.0010'}","{'volume': '9784419123.43', 'price_change': '0.00083636074', 'price_change_pct': '0.0010', 'volume_change': '2289029761.03', 'volume_change_pct': '0.3054', 'market_cap_change': '641030258.23', 'market_cap_change_pct': '0.0694'}",LUNA,
19,FTXTOKEN,FTXTOKEN,FTT,FTX Token,https://s3.us-east-2.amazonaws.com/nomics-api/static/images/currencies/FTXTOKEN.png,active,38.71492015,2022-02-11T00:00:00Z,2022-02-11T02:10:00Z,253116597,333894244,9799388840,0.0055,45,109,0,2019-07-28T00:00:00Z,2019-07-29T00:00:00Z,2019-07-29T00:00:00Z,20,-2,67.41407186,2021-09-09T00:00:00Z,"{'volume': '250963440.98', 'price_change': '-2.74037673', 'price_change_pct': '-0.0661', 'volume_change': '61834462.29', 'volume_change_pct': '0.3269', 'market_cap_change': '-701278149.35', 'market_cap_change_pct': '-0.0668'}","{'volume': '8646068206.32', 'price_change': '2.31857694', 'price_change_pct': '0.0637', 'volume_change': '2198679413.08', 'volume_change_pct': '0.3410', 'market_cap_change': '555267940.63', 'market_cap_change_pct': '0.0601'}",ETH,
20,DAI,DAI,DAI,Dai,https://s3.us-east-2.amazonaws.com/nomics-api/static/images/currencies/DAI.svg,active,0.87679759,2022-02-11T00:00:00Z,2022-02-11T02:10:00Z,9800138275,9800138275,8592737621,0.0048,181,2441,1311,2017-12-22T00:00:00Z,2017-12-22T00:00:00Z,2018-09-07T00:00:00Z,21,0,0.96286728,2020-03-23T00:00:00Z,"{'volume': '501849988.21', 'price_change': '0.00068099104', 'price_change_pct': '0.0008', 'volume_change': '222195275.25', 'volume_change_pct': '0.7945', 'market_cap_change': '38298106.62', 'market_cap_change_pct': '0.0045'}","{'volume': '11676435649.13', 'price_change': '0.0015681235', 'price_change_pct': '0.0018', 'volume_change': '-1204706668.22', 'volume_change_pct': '-0.0935', 'market_cap_change': '707588479.61', 'market_cap_change_pct': '0.0897'}",ETH,
21,LTC,LTC,LTC,Litecoin,https://s3.us-east-2.amazonaws.com/nomics-api/static/images/currencies/ltc.svg,active,115.32140987,2022-02-11T00:00:00Z,2022-02-11T02:10:00Z,69612433,84000000,8027803945,0.0045,341,3621,587,2013-03-25T00:00:00Z,2013-03-25T00:00:00Z,2018-08-29T00:00:00Z,22,0,319.67476955,2021-05-09T00:00:00Z,"{'volume': '1308173565.58', 'price_change': '-4.80496248', 'price_change_pct': '-0.0400', 'volume_change': '204508488.38', 'volume_change_pct': '0.1853', 'market_cap_change': '-333687790.91', 'market_cap_change_pct': '-0.0399'}","{'volume': '33397610722.05', 'price_change': '-8.98538787', 'price_change_pct': '-0.0723', 'volume_change': '-2310916610.71', 'volume_change_pct': '-0.0647', 'market_cap_change': '-598271524.42', 'market_cap_change_pct': '-0.0694'}",,
22,ATOM,ATOM,ATOM,Cosmos,https://nomics-api.s3.us-east-2.amazonaws.com/static/images/currencies/atom.jpg,active,24.98237480,2022-02-11T00:00:00Z,2022-02-11T02:10:00Z,287977190,0,7194354096,0.0041,110,427,118,2017-07-09T00:00:00Z,2019-04-22T00:00:00Z,2019-03-14T00:00:00Z,23,0,38.29268561,2022-01-16T00:00:00Z,"{'volume': '814463889.69', 'price_change': '-1.47716100', 'price_change_pct': '-0.0558', 'volume_change': '151267446.04', 'volume_change_pct': '0.2281', 'market_cap_change': '-423534408.77', 'market_cap_change_pct': '-0.0556'}","{'volume': '45078122360.59', 'price_change': '-10.24440273', 'price_change_pct': '-0.2908', 'volume_change': '6613350602.78', 'volume_change_pct': '0.1719', 'market_cap_change': '-2875893049.06', 'market_cap_change_pct': '-0.2856'}",,
23,LINK,LINK,LINK,ChainLink,https://s3.us-east-2.amazonaws.com/nomics-api/static/images/currencies/LINK.jpg,active,15.13343334,2022-02-11T00:00:00Z,2022-02-11T02:10:00Z,467009550,1000000000,7067457888,0.0040,244,3277,60,2017-07-09T00:00:00Z,2017-09-28T00:00:00Z,2018-08-29T00:00:00Z,24,0,43.05363927,2021-05-09T00:00:00Z,"{'volume': '801423000.67', 'price_change': '-0.74118613', 'price_change_pct': '-0.0467', 'volume_change': '232259083.67', 'volume_change_pct': '0.4081', 'market_cap_change': '-346141000.99', 'market_cap_change_pct': '-0.0467'}","{'volume': '29419821831.50', 'price_change': '-8.29393656', 'price_change_pct': '-0.3540', 'volume_change': '-15766698116.55', 'volume_change_pct': '-0.3489', 'market_cap_change': '-3873347596.84', 'market_cap_change_pct': '-0.3540'}",ETH,
24,NEAR,NEAR,NEAR,Near Protocol,https://s3.us-east-2.amazonaws.com/nomics-api/static/images/currencies/NEAR.jpg,active,10.24513516,2022-02-11T00:00:00Z,2022-02-11T02:10:00Z,633014095,1000000000,6485314962,0.0037,63,142,90,2020-09-27T00:00:00Z,2020-10-14T00:00:00Z,2020-09-30T00:00:00Z,25,0,17.68933238,2022-01-14T00:00:00Z,"{'volume': '771034233.64', 'price_change': '-0.73374799', 'price_change_pct': '-0.0668', 'volume_change': '57151359.28', 'volume_change_pct': '0.0801', 'market_cap_change': '-479646960.17', 'market_cap_change_pct': '-0.0689'}","{'volume': '33538044201.72', 'price_change': '-5.19032400', 'price_change_pct': '-0.3363', 'volume_change': '-2111194255.49', 'volume_change_pct': '-0.0592', 'market_cap_change': '-2887325269.72', 'market_cap_change_pct': '-0.3081'}",,2020-10-28T18:45:07.594685Z
25,TRX,TRX,TRX,TRON,https://s3.us-east-2.amazonaws.com/nomics-api/static/images/currencies/TRX.svg,active,0.059724650,2022-02-11T00:00:00Z,2022-02-11T02:10:00Z,101789832120,101900409184,6079362097,0.0034,209,2090,16766,2017-10-06T00:00:00Z,2017-10-06T00:00:00Z,2018-08-29T00:00:00Z,26,1,0.17227109,2018-01-04T00:00:00Z,"{'volume': '758930534.82', 'price_change': '-0.00080247531', 'price_change_pct': '-0.0133', 'volume_change': '-1713204.50', 'volume_change_pct': '-0.0023', 'market_cap_change': '-81807634.31', 'market_cap_change_pct': '-0.0133'}","{'volume': '22890265664.95', 'price_change': '0.00011111486', 'price_change_pct': '0.0019', 'volume_change': '-6803679275.67', 'volume_change_pct': '-0.2291', 'market_cap_change': '8269552.19', 'market_cap_change_pct': '0.0014'}",TRX,
26,ALGO,ALGO,ALGO,Algorand,https://s3.us-east-2.amazonaws.com/nomics-api/static/images/currencies/ALGO.png,active,0.84996660,2022-02-11T00:00:00Z,2022-02-11T02:10:00Z,7005678809,10000000000,5954592988,0.0034,94,222,0,2019-06-19T00:00:00Z,2019-06-21T00:00:00Z,2019-06-19T00:00:00Z,27,-1,2.62737645,2019-06-19T00:00:00Z,"{'volume': '366879926.29', 'price_change': '-0.048828771', 'price_change_pct': '-0.0543', 'volume_change': '80047181.87', 'volume_change_pct': '0.2791', 'market_cap_change': '-341514008.64', 'market_cap_change_pct': '-0.0542'}","{'volume': '11441916211.04', 'price_change': '-0.46303524', 'price_change_pct': '-0.3527', 'volume_change': '-2111849996.98', 'volume_change_pct': '-0.1558', 'market_cap_change': '-3115430093.99', 'market_cap_change_pct': '-0.3435'}",,
27,BCH,BCH,BCH,Bitcoin Cash,https://s3.us-east-2.amazonaws.com/nomics-api/static/images/currencies/BCH.png,active,295.56458142,2022-02-11T00:00:00Z,2022-02-11T02:10:00Z,18979756,21000000,5609743681,0.0032,274,2320,132,2017-07-09T00:00:00Z,2017-07-27T00:00:00Z,2018-08-29T00:00:00Z,28,1,3143.65301166,2017-12-20T00:00:00Z,"{'volume': '1401590498.41', 'price_change': '-0.75190263', 'price_change_pct': '-0.0025', 'volume_change': '119473395.33', 'volume_change_pct': '0.0932', 'market_cap_change': '-14007947.65', 'market_cap_change_pct': '-0.0025'}","{'volume': '38742145517.05', 'price_change': '-40.48411367', 'price_change_pct': '-0.1205', 'volume_change': '-10402644750.17', 'volume_change_pct': '-0.2117', 'market_cap_change': '-759305290.57', 'market_cap_change_pct': '-0.1192'}",,
28,LEO,LEO,LEO,UNUS SED LEO,https://s3.us-east-2.amazonaws.com/nomics-api/static/images/currencies/leotoken.png,active,5.67093606,2022-02-11T00:00:00Z,2022-02-11T02:10:00Z,937210552,985239504,5314861114,0.0030,33,84,1,2019-05-20T00:00:00Z,2019-05-20T00:00:00Z,2019-05-20T00:00:00Z,29,-1,5.71508611,2022-02-09T00:00:00Z,"{'volume': '45333053.45', 'price_change': '-0.50667222', 'price_change_pct': '-0.0820', 'volume_change': '-20333270.47', 'volume_change_pct': '-0.3096', 'market_cap_change': '-474948613.80', 'market_cap_change_pct': '-0.0820'}","{'volume': '607347205.38', 'price_change': '2.30364775', 'price_change_pct': '0.6841', 'volume_change': '-87473278.82', 'volume_change_pct': '-0.1259', 'market_cap_change': '2155591042.72', 'market_cap_change_pct': '0.6823'}",ETH,
29,OKB,OKB,OKB,OKEx Utility Token,https://s3.us-east-2.amazonaws.com/nomics-api/static/images/currencies/OKB.png,active,19.19662689,2022-02-11T00:00:00Z,2022-02-11T02:10:00Z,262680011,300000000,5042570170,0.0028,51,215,5,2017-07-09T00:00:00Z,2019-06-13T00:00:00Z,2019-02-14T00:00:00Z,30,0,35.29117295,2021-05-02T00:00:00Z,"{'volume': '92368376.73', 'price_change': '-1.12308426', 'price_change_pct': '-0.0553', 'volume_change': '23225528.58', 'volume_change_pct': '0.3359', 'market_cap_change': '-295011786.41', 'market_cap_change_pct': '-0.0553'}","{'volume': '6251674230.31', 'price_change': '-3.69952840', 'price_change_pct': '-0.1616', 'volume_change': '-4384058527.68', 'volume_change_pct': '-0.4122', 'market_cap_change': '-971792162.94', 'market_cap_change_pct': '-0.1616'}",ETH,
30,XLM,XLM,XLM,Stellar,https://s3.us-east-2.amazonaws.com/nomics-api/static/images/currencies/xlm.svg,active,0.20115888,2022-02-11T00:00:00Z,2022-02-11T02:10:00Z,24892876811,50001802221,5007423202,0.0028,174,530,95,2014-08-11T00:00:00Z,2014-08-11T00:00:00Z,2018-08-29T00:00:00Z,31,0,0.74535426,2018-01-03T00:00:00Z,"{'volume': '316953673.34', 'price_change': '-0.0061339426', 'price_change_pct': '-0.0296', 'volume_change': '13256238.46', 'volume_change_pct': '0.0436', 'market_cap_change': '-152462291.23', 'market_cap_change_pct': '-0.0295'}","{'volume': '9702124825.70', 'price_change': '-0.046451321', 'price_change_pct': '-0.1876', 'volume_change': '-958491630.79', 'volume_change_pct': '-0.0899', 'market_cap_change': '-1121433266.52', 'market_cap_change_pct': '-0.1830'}",XLM,
31,STETH,STETH,STETH,Liquid Staked Ether,https://s3.us-east-2.amazonaws.com/nomics-api/static/images/currencies/STETH.png,active,2673.83246136,2022-02-11T00:00:00Z,2022-02-11T02:09:00Z,1851027,1851027,4949336384,0.0028,7,10,0,2020-12-19T00:00:00Z,2020-12-19T00:00:00Z,2021-01-08T00:00:00Z,32,0,4128.63975201,2021-11-08T00:00:00Z,"{'volume': '7215128.15', 'price_change': '-113.09125768', 'price_change_pct': '-0.0406', 'volume_change': '-257321.59', 'volume_change_pct': '-0.0344', 'market_cap_change': '-189399137.24', 'market_cap_change_pct': '-0.0369'}","{'volume': '684081726.54', 'price_change': '-271.74678479', 'price_change_pct': '-0.0923', 'volume_change': '222316257.05', 'volume_change_pct': '0.4814', 'market_cap_change': '-9984603.68', 'market_cap_change_pct': '-0.0020'}",ETH,2020-12-28T21:21:34.943723Z
32,FTM,FTM,FTM,Fantom,https://s3.us-east-2.amazonaws.com/nomics-api/static/images/currencies/ftm.png,active,1.84002388,2022-02-11T00:00:00Z,2022-02-11T02:10:00Z,2541152731,3175000000,4675781698,0.0026,93,566,12667,2018-10-28T00:00:00Z,2018-10-29T00:00:00Z,2019-06-04T00:00:00Z,33,0,2.90066564,2022-01-16T00:00:00Z,"{'volume': '1603618416.03', 'price_change': '-0.092246585', 'price_change_pct': '-0.0477', 'volume_change': '221940467.27', 'volume_change_pct': '0.1606', 'market_cap_change': '-234412661.19', 'market_cap_change_pct': '-0.0477'}","{'volume': '93454464244.91', 'price_change': '-0.73562242', 'price_change_pct': '-0.2856', 'volume_change': '24098118800.06', 'volume_change_pct': '0.3475', 'market_cap_change': '-1869328914.94', 'market_cap_change_pct': '-0.2856'}",FTM,
33,UNI,UNI,UNI,Uniswap Protocol Token,https://s3.us-east-2.amazonaws.com/nomics-api/static/images/currencies/UNISWAP.svg,active,9.94051927,2022-02-11T00:00:00Z,2022-02-11T02:10:00Z,458880974,1000000000,4561515164,0.0026,175,1040,115,2019-06-03T00:00:00Z,2020-09-17T00:00:00Z,2019-10-11T00:00:00Z,34,0,35.83892862,2021-05-04T00:00:00Z,"{'volume': '288773352.11', 'price_change': '-0.56766245', 'price_change_pct': '-0.0540', 'volume_change': '21532249.80', 'volume_change_pct': '0.0806', 'market_cap_change': '-251755084.61', 'market_cap_change_pct': '-0.0523'}","{'volume': '8804256657.53', 'price_change': '-4.31765758', 'price_change_pct': '-0.3028', 'volume_change': '-3050205987.62', 'volume_change_pct': '-0.2573', 'market_cap_change': '-1910532501.53', 'market_cap_change_pct': '-0.2952'}",ETH,
34,MANA,MANA,MANA,Decentraland,https://s3.us-east-2.amazonaws.com/nomics-api/static/images/currencies/mana.svg,active,2.79675508,2022-02-11T00:00:00Z,2022-02-11T02:10:00Z,1514648726,2193847327,4236101523,0.0024,154,382,3,2017-07-17T00:00:00Z,2017-07-17T00:00:00Z,2018-08-29T00:00:00Z,35,0,4.66434131,2021-11-25T00:00:00Z,"{'volume': '707158828.19', 'price_change': '-0.050535287', 'price_change_pct': '-0.0177', 'volume_change': '23984603.48', 'volume_change_pct': '0.0351', 'market_cap_change': '-79062336.60', 'market_cap_change_pct': '-0.0183'}","{'volume': '17689222989.98', 'price_change': '0.091204083', 'price_change_pct': '0.0337', 'volume_change': '-2236161747.27', 'volume_change_pct': '-0.1122', 'market_cap_change': '644828487.45', 'market_cap_change_pct': '0.1796'}",ETH,
35,HBAR,HBAR,HBAR,Hedera Hashgraph,https://s3.us-east-2.amazonaws.com/nomics-api/static/images/currencies/HBAR.jpg,active,0.21656769,2022-02-11T00:00:00Z,2022-02-11T02:10:00Z,19389577880,50000000000,4199156157,0.0024,41,79,0,2019-09-17T00:00:00Z,2019-09-17T00:00:00Z,2019-09-17T00:00:00Z,36,0,0.42808852,2021-09-15T00:00:00Z,"{'volume': '84423724.75', 'price_change': '-0.0040440713', 'price_change_pct': '-0.0183', 'volume_change': '20684201.75', 'volume_change_pct': '0.3245', 'market_cap_change': '-78412835.35', 'market_cap_change_pct': '-0.0183'}","{'volume': '2416655998.01', 'price_change': '-0.043778319', 'price_change_pct': '-0.1682', 'volume_change': '-670946048.65', 'volume_change_pct': '-0.2173', 'market_cap_change': '-651506555.44', 'market_cap_change_pct': '-0.1343'}",,
36,SAND2,SAND2,SAND,The Sandbox,https://s3.us-east-2.amazonaws.com/nomics-api/static/images/currencies/SAND2.svg,active,3.92659039,2022-02-11T00:00:00Z,2022-02-11T02:10:00Z,1035054385,3000000000,4064234607,0.0023,90,195,1,2020-08-09T00:00:00Z,2020-08-14T00:00:00Z,2020-08-11T00:00:00Z,37,0,6.70989466,2021-11-28T00:00:00Z,"{'volume': '1003542497.93', 'price_change': '-0.11343112', 'price_change_pct': '-0.0281', 'volume_change': '227465502.43', 'volume_change_pct': '0.2931', 'market_cap_change': '-117407373.88', 'market_cap_change_pct': '-0.0281'}","{'volume': '27292949347.06', 'price_change': '-0.58401839', 'price_change_pct': '-0.1295', 'volume_change': '-4620907804.28', 'volume_change_pct': '-0.1448', 'market_cap_change': '-89802967.52', 'market_cap_change_pct': '-0.0216'}",ETH,
37,ETC,ETC,ETC,Ethereum Classic,https://s3.us-east-2.amazonaws.com/nomics-api/static/images/currencies/etc.svg,active,29.96896295,2022-02-11T00:00:00Z,2022-02-11T02:10:00Z,132866358,210700000,3981866947,0.0022,164,747,2,2016-07-24T00:00:00Z,2016-07-24T00:00:00Z,2018-08-29T00:00:00Z,38,1,112.28174984,2021-05-06T00:00:00Z,"{'volume': '1018243519.60', 'price_change': '-0.47901940', 'price_change_pct': '-0.0157', 'volume_change': '169762041.40', 'volume_change_pct': '0.2001', 'market_cap_change': '-63033780.79', 'market_cap_change_pct': '-0.0156'}","{'volume': '16113732411.73', 'price_change': '2.69702274', 'price_change_pct': '0.0989', 'volume_change': '4688159278.41', 'volume_change_pct': '0.4103', 'market_cap_change': '375736054.34', 'market_cap_change_pct': '0.1042'}",,
38,AXS2,AXS2,AXS,Axie Infinity,https://s3.us-east-2.amazonaws.com/nomics-api/static/images/currencies/AXS2.jpg,active,55.53733131,2022-02-11T00:00:00Z,2022-02-11T02:10:00Z,71046995,270000000,3945760527,0.0022,95,206,2,2018-12-12T00:00:00Z,2020-11-04T00:00:00Z,2020-11-04T00:00:00Z,39,-1,139.13684208,2021-11-07T00:00:00Z,"{'volume': '893735685.24', 'price_change': '-1.69567200', 'price_change_pct': '-0.0296', 'volume_change': '193989359.48', 'volume_change_pct': '0.2772', 'market_cap_change': '-120469546.46', 'market_cap_change_pct': '-0.0296'}","{'volume': '20248626949.24', 'price_change': '-12.85869646', 'price_change_pct': '-0.1880', 'volume_change': '7808618262.61', 'volume_change_pct': '0.6277', 'market_cap_change': '-834341300.07', 'market_cap_change_pct': '-0.1745'}",ETH,2020-11-09T16:49:37.895041Z
39,ICP,ICP,ICP,Dfinity,https://s3.us-east-2.amazonaws.com/nomics-api/static/images/currencies/ICP.jpg,active,18.79519664,2022-02-11T00:00:00Z,2022-02-11T02:10:00Z,204047144,476876298,3835106205,0.0022,52,92,0,2021-01-30T00:00:00Z,2021-05-06T00:00:00Z,2021-01-30T00:00:00Z,40,0,378.78261506,2021-05-05T00:00:00Z,"{'volume': '246837803.89', 'price_change': '-0.93151827', 'price_change_pct': '-0.0472', 'volume_change': '65361542.16', 'volume_change_pct': '0.3602', 'market_cap_change': '-116203990.72', 'market_cap_change_pct': '-0.0294'}","{'volume': '8907015894.20', 'price_change': '-11.84151536', 'price_change_pct': '-0.3865', 'volume_change': '-5681947593.60', 'volume_change_pct': '-0.3895', 'market_cap_change': '-2160780369.04', 'market_cap_change_pct': '-0.3604'}",,2021-03-24T00:11:30.852913Z
40,VET,VET,VET,VeChain Thor,https://s3.us-east-2.amazonaws.com/nomics-api/static/images/currencies/vet.png,active,0.054871755,2022-02-11T00:00:00Z,2022-02-11T02:10:00Z,66760741299,86712634466,3663279015,0.0021,71,208,2,2018-07-13T00:00:00Z,2018-07-13T00:00:00Z,2018-08-29T00:00:00Z,41,0,0.21248359,2021-04-18T00:00:00Z,"{'volume': '397409295.44', 'price_change': '-0.0029008005', 'price_change_pct': '-0.0502', 'volume_change': '73437042.49', 'volume_change_pct': '0.2267', 'market_cap_change': '-193659594.22', 'market_cap_change_pct': '-0.0502'}","{'volume': '10295391380.91', 'price_change': '-0.017338241', 'price_change_pct': '-0.2401', 'volume_change': '486290831.30', 'volume_change_pct': '0.0496', 'market_cap_change': '-1157513824.12', 'market_cap_change_pct': '-0.2401'}",,
41,THETA,THETA,THETA,Theta Token,https://s3.us-east-2.amazonaws.com/nomics-api/static/images/currencies/theta.png,active,3.59338796,2022-02-11T00:00:00Z,2022-02-11T02:10:00Z,1000000000,1000000000,3593387963,0.0020,59,139,0,2018-01-16T00:00:00Z,2018-01-16T00:00:00Z,2018-08-29T00:00:00Z,42,5,11.98377541,2021-04-16T00:00:00Z,"{'volume': '914700953.30', 'price_change': '0.66829456', 'price_change_pct': '0.2285', 'volume_change': '717110089.11', 'volume_change_pct': '3.6293', 'market_cap_change': '668294560.52', 'market_cap_change_pct': '0.2285'}","{'volume': '9623818397.37', 'price_change': '-0.15023614', 'price_change_pct': '-0.0401', 'volume_change': '3339648551.57', 'volume_change_pct': '0.5314', 'market_cap_change': '-150236136.74', 'market_cap_change_pct': '-0.0401'}",THETA,
42,OMI,OMI,OMI,ECOMI,https://s3.us-east-2.amazonaws.com/nomics-api/static/images/currencies/OMI.png,active,0.0059763998,2022-02-11T00:00:00Z,2022-02-11T02:09:00Z,581910045187,750000000000,3477727105,0.0020,4,7,0,2019-10-01T00:00:00Z,2021-03-23T00:00:00Z,2020-02-14T00:00:00Z,43,-1,0.011013639,2021-03-19T00:00:00Z,"{'volume': '3513880.69', 'price_change': '-0.00034011404', 'price_change_pct': '-0.0538', 'volume_change': '901234.95', 'volume_change_pct': '0.3450', 'market_cap_change': '-197915778.46', 'market_cap_change_pct': '-0.0538'}","{'volume': '231800000.97', 'price_change': '0.00026057831', 'price_change_pct': '0.0456', 'volume_change': '19433079.62', 'volume_change_pct': '0.0915', 'market_cap_change': '2105403330.68', 'market_cap_change_pct': '1.5342'}",GO,2021-02-02T14:53:17.269368Z
43,FIL,FIL,FIL,Filecoin,https://s3.us-east-2.amazonaws.com/nomics-api/static/images/currencies/FIL.png,active,20.16003556,2022-02-11T00:00:00Z,2022-02-11T02:10:00Z,159533745,2000000000,3216205972,0.0018,96,312,1,2017-11-03T00:00:00Z,2017-11-23T00:00:00Z,2019-06-04T00:00:00Z,44,1,162.80307022,2021-03-31T00:00:00Z,"{'volume': '534104912.91', 'price_change': '-0.54408082', 'price_change_pct': '-0.0263', 'volume_change': '102536300.01', 'volume_change_pct': '0.2376', 'market_cap_change': '-79034088.59', 'market_cap_change_pct': '-0.0240'}","{'volume': '13680342308.24', 'price_change': '-6.78646297', 'price_change_pct': '-0.2518', 'volume_change': '-2411218105.66', 'volume_change_pct': '-0.1498', 'market_cap_change': '-762165936.49', 'market_cap_change_pct': '-0.1916'}",,
44,EGLD,EGLD,EGLD,Elrond,https://s3.us-east-2.amazonaws.com/nomics-api/static/images/currencies/EGLD.jpeg,active,155.05546862,2022-02-11T00:00:00Z,2022-02-11T02:10:00Z,20523942,23183942,3182349445,0.0018,43,79,1,2020-09-02T00:00:00Z,2020-09-03T00:00:00Z,2020-09-03T00:00:00Z,45,-1,437.86728951,2021-11-22T00:00:00Z,"{'volume': '186874750.90', 'price_change': '-6.90750932', 'price_change_pct': '-0.0426', 'volume_change': '67416054.96', 'volume_change_pct': '0.5643', 'market_cap_change': '-140921444.52', 'market_cap_change_pct': '-0.0424'}","{'volume': '3533636692.06', 'price_change': '-32.50988230', 'price_change_pct': '-0.1733', 'volume_change': '-1158172690.69', 'volume_change_pct': '-0.2468', 'market_cap_change': '-637750917.41', 'market_cap_change_pct': '-0.1669'}",,
45,XTZ,XTZ,XTZ,Tezos,https://s3.us-east-2.amazonaws.com/nomics-api/static/images/currencies/xtz.svg,active,3.59954517,2022-02-11T00:00:00Z,2022-02-11T02:10:00Z,876418958,0,3154709631,0.0018,114,417,227,2017-06-23T00:00:00Z,2017-06-23T00:00:00Z,2018-09-17T00:00:00Z,46,-3,8.91623801,2017-12-17T00:00:00Z,"{'volume': '356373035.29', 'price_change': '-0.26927220', 'price_change_pct': '-0.0696', 'volume_change': '-12093508.66', 'volume_change_pct': '-0.0328', 'market_cap_change': '-235558841.21', 'market_cap_change_pct': '-0.0695'}","{'volume': '6617027195.31', 'price_change': '-0.24585836', 'price_change_pct': '-0.0639', 'volume_change': '-2578698241.76', 'volume_change_pct': '-0.2804', 'market_cap_change': '-202283482.79', 'market_cap_change_pct': '-0.0603'}",,
46,HELIUM,HELIUM,HNT,Helium,https://s3.us-east-2.amazonaws.com/nomics-api/static/images/currencies/HELIUM.jpeg,active,25.25853429,2022-02-11T00:00:00Z,2022-02-11T02:10:00Z,111925471,0,2827073342,0.0016,24,42,0,2020-04-17T00:00:00Z,2020-09-15T00:00:00Z,2020-04-17T00:00:00Z,47,-1,46.15961713,2021-11-14T00:00:00Z,"{'volume': '27570518.97', 'price_change': '-1.17441286', 'price_change_pct': '-0.0444', 'volume_change': '-3521117.01', 'volume_change_pct': '-0.1132', 'market_cap_change': '-129543045.66', 'market_cap_change_pct': '-0.0438'}","{'volume': '1116440223.25', 'price_change': '-5.95949327', 'price_change_pct': '-0.1909', 'volume_change': '-306587254.71', 'volume_change_pct': '-0.2154', 'market_cap_change': '-595584332.53', 'market_cap_change_pct': '-0.1740'}",,
47,CETH,CETH,CETH,Compound Ether,https://s3.us-east-2.amazonaws.com/nomics-api/static/images/currencies/CETH.png,active,53.69571215,2022-02-11T00:00:00Z,2022-02-11T02:09:00Z,52620857,52620857,2825514406,0.0016,4,39,0,2020-03-25T00:00:00Z,2020-06-27T00:00:00Z,2021-10-27T00:00:00Z,48,1,83.41792833,2021-11-08T00:00:00Z,"{'volume': '120307485.95', 'price_change': '-2.33040507', 'price_change_pct': '-0.0416', 'volume_change': '-20274377.28', 'volume_change_pct': '-0.1442', 'market_cap_change': '-13085212.10', 'market_cap_change_pct': '-0.0046'}","{'volume': '1395746703.52', 'price_change': '-5.48444727', 'price_change_pct': '-0.0927', 'volume_change': '634906446.72', 'volume_change_pct': '0.8345', 'market_cap_change': '-1244768528.77', 'market_cap_change_pct': '-0.3058'}",ETH,
48,XMR,XMR,XMR,Monero,https://s3.us-east-2.amazonaws.com/nomics-api/static/images/currencies/xmr.svg,active,155.72450007,2022-02-11T00:00:00Z,2022-02-11T02:10:00Z,18076947,0,2815023601,0.0016,130,522,123,2014-05-19T00:00:00Z,2014-05-19T00:00:00Z,2018-08-29T00:00:00Z,49,-1,398.50567163,2021-05-09T00:00:00Z,"{'volume': '153176006.15', 'price_change': '-4.69157840', 'price_change_pct': '-0.0292', 'volume_change': '16371495.29', 'volume_change_pct': '0.1197', 'market_cap_change': '-84726648.30', 'market_cap_change_pct': '-0.0292'}","{'volume': '5018690224.40', 'price_change': '-18.53093065', 'price_change_pct': '-0.1063', 'volume_change': '-448798883.34', 'volume_change_pct': '-0.0821', 'market_cap_change': '-332278807.05', 'market_cap_change_pct': '-0.1056'}",,
49,KLAY,KLAY,KLAY,Klaytn,https://s3.us-east-2.amazonaws.com/nomics-api/static/images/currencies/KLAY.jpg,active,1.03513829,2022-02-11T00:00:00Z,2022-02-11T02:09:00Z,2631657864,0,2724129829,0.0015,40,72,0,2019-09-26T00:00:00Z,2020-03-02T00:00:00Z,2020-02-21T00:00:00Z,50,0,3.58858483,2021-03-30T00:00:00Z,"{'volume': '54503585.64', 'price_change': '-0.031883569', 'price_change_pct': '-0.0299', 'volume_change': '2486123.41', 'volume_change_pct': '0.0478', 'market_cap_change': '-83609665.81', 'market_cap_change_pct': '-0.0298'}","{'volume': '1688045428.50', 'price_change': '-0.21411773', 'price_change_pct': '-0.1714', 'volume_change': '254155679.86', 'volume_change_pct': '0.1772', 'market_cap_change': '-525089675.76', 'market_cap_change_pct': '-0.1616'}",KLAY,
50,CDAI,CDAI,CDAI,Compound Dai,https://s3.us-east-2.amazonaws.com/nomics-api/static/images/currencies/CDAI.png,active,0.019167786,2022-02-11T00:00:00Z,2022-02-11T02:09:00Z,133604611200,133604611200,2560904540,0.0014,8,80,1,2020-03-25T00:00:00Z,2020-04-02T00:00:00Z,2020-04-09T00:00:00Z,51,4,0.020450173,2020-09-20T00:00:00Z,"{'volume': '141016440.68', 'price_change': '-0.0000037290113', 'price_change_pct': '-0.0002', 'volume_change': '132425868.17', 'volume_change_pct': '15.4153', 'market_cap_change': '224210400.76', 'market_cap_change_pct': '0.0960'}","{'volume': '1395130682.23', 'price_change': '0.000068472701', 'price_change_pct': '0.0036', 'volume_change': '200795583.89', 'volume_change_pct': '0.1681', 'market_cap_change': '-217705540.00', 'market_cap_change_pct': '-0.0784'}",ETH,
51,GRT,GRT,GRT,The Graph,https://s3.us-east-2.amazonaws.com/nomics-api/static/images/currencies/GRT.jpg,active,0.39798350,2022-02-11T00:00:00Z,2022-02-11T02:10:00Z,6157231561,10000000000,2450476595,0.0014,112,254,0,2020-05-23T00:00:00Z,2020-12-17T00:00:00Z,2020-05-23T00:00:00Z,52,-1,1.93245186,2021-02-13T00:00:00Z,"{'volume': '111177868.83', 'price_change': '-0.020445576', 'price_change_pct': '-0.0489', 'volume_change': '26950998.53', 'volume_change_pct': '0.3200', 'market_cap_change': '-125888146.21', 'market_cap_change_pct': '-0.0489'}","{'volume': '3072274437.93', 'price_change': '-0.12229950', 'price_change_pct': '-0.2351', 'volume_change': '-1351647917.20', 'volume_change_pct': '-0.3055', 'market_cap_change': '-283008103.58', 'market_cap_change_pct': '-0.1035'}",ETH,
52,CUSDC,CUSDC,CUSDC,Compound USD Coin,https://s3.us-east-2.amazonaws.com/nomics-api/static/images/currencies/CUSDC.png,active,0.019728748,2022-02-11T00:00:00Z,2022-02-11T02:09:00Z,119845406731,119845512204,2364399838,0.0013,8,81,0,2019-09-22T00:00:00Z,2020-04-02T00:00:00Z,2020-04-09T00:00:00Z,53,7,0.87026021,2019-11-26T00:00:00Z,"{'volume': '48243201.83', 'price_change': '0.000029328450', 'price_change_pct': '0.0015', 'volume_change': '21573926.04', 'volume_change_pct': '0.8089', 'market_cap_change': '133101911.40', 'market_cap_change_pct': '0.0597'}","{'volume': '1883157363.44', 'price_change': '0.000079314137', 'price_change_pct': '0.0040', 'volume_change': '657948589.98', 'volume_change_pct': '0.5370', 'market_cap_change': '-157221345.26', 'market_cap_change_pct': '-0.0623'}",ETH,
53,FRAX,FRAX,FRAX,Frax,https://s3.us-east-2.amazonaws.com/nomics-api/static/images/currencies/FRAX.jpg,active,0.87663108,2022-02-11T00:00:00Z,2022-02-11T02:09:00Z,2653242158,2653242158,2325914529,0.0013,9,67,2,2020-12-16T00:00:00Z,2020-12-16T00:00:00Z,2020-12-21T00:00:00Z,54,2,2.63189765,2020-12-17T00:00:00Z,"{'volume': '32925369.77', 'price_change': '0.00040986395', 'price_change_pct': '0.0005', 'volume_change': '-4411695.28', 'volume_change_pct': '-0.1182', 'market_cap_change': '1087468.32', 'market_cap_change_pct': '0.0005'}","{'volume': '1394644531.49', 'price_change': '0.0013724574', 'price_change_pct': '0.0016', 'volume_change': '-53063660.52', 'volume_change_pct': '-0.0367', 'market_cap_change': '493801048.71', 'market_cap_change_pct': '0.2695'}",ETH,2020-12-22T19:46:11.961151Z
54,IOT,IOT,IOT,IOTA (MIOTA),https://s3.us-east-2.amazonaws.com/nomics-api/static/images/currencies/iot.svg,active,0.82172399,2022-02-11T00:00:00Z,2022-02-11T02:10:00Z,2779530283,2779530283,2284006715,0.0013,40,115,0,2017-06-12T00:00:00Z,2017-06-12T00:00:00Z,2018-08-29T00:00:00Z,55,-2,4.55876120,2017-12-19T00:00:00Z,"{'volume': '51672605.72', 'price_change': '-0.044324763', 'price_change_pct': '-0.0512', 'volume_change': '-13799072.91', 'volume_change_pct': '-0.2108', 'market_cap_change': '-123202020.02', 'market_cap_change_pct': '-0.0512'}","{'volume': '1480523662.41', 'price_change': '-0.20813042', 'price_change_pct': '-0.2021', 'volume_change': '-1461117808.64', 'volume_change_pct': '-0.4967', 'market_cap_change': '-578504804.90', 'market_cap_change_pct': '-0.2021'}",,
55,1INCH,1INCH,1INCH,1inch,https://s3.us-east-2.amazonaws.com/nomics-api/static/images/currencies/1INCH.jpg,active,1.55552394,2022-02-11T00:00:00Z,2022-02-11T02:10:00Z,1466428931,1500000000,2281065313,0.0013,104,320,5,2018-12-17T00:00:00Z,2020-12-25T00:00:00Z,2019-02-14T00:00:00Z,56,-4,6.16998363,2021-05-08T00:00:00Z,"{'volume': '96533782.46', 'price_change': '-0.12505730', 'price_change_pct': '-0.0744', 'volume_change': '16005845.79', 'volume_change_pct': '0.1988', 'market_cap_change': '-183387649.55', 'market_cap_change_pct': '-0.0744'}","{'volume': '3196526669.43', 'price_change': '-0.42254492', 'price_change_pct': '-0.2136', 'volume_change': '-753339058.55', 'volume_change_pct': '-0.1907', 'market_cap_change': '-608994995.55', 'market_cap_change_pct': '-0.2107'}",ETH,2020-12-28T18:53:34.959468Z
56,EOS,EOS,EOS,EOS,https://s3.us-east-2.amazonaws.com/nomics-api/static/images/currencies/eos.svg,active,2.23601937,2022-02-11T00:00:00Z,2022-02-11T02:10:00Z,983882069,0,2199979359,0.0012,214,1606,140,2017-06-23T00:00:00Z,2017-06-23T00:00:00Z,2018-08-29T00:00:00Z,57,0,17.31905533,2018-04-29T00:00:00Z,"{'volume': '521807841.02', 'price_change': '-0.098101727', 'price_change_pct': '-0.0420', 'volume_change': '185115119.11', 'volume_change_pct': '0.5498', 'market_cap_change': '-96266489.37', 'market_cap_change_pct': '-0.0419'}","{'volume': '13545213360.70', 'price_change': '-0.29333668', 'price_change_pct': '-0.1160', 'volume_change': '-7375881413.64', 'volume_change_pct': '-0.3526', 'market_cap_change': '-280088882.37', 'market_cap_change_pct': '-0.1129'}",EOS,
57,GALA,GALA,GALA,Gala,https://s3.us-east-2.amazonaws.com/nomics-api/static/images/currencies/GALA.jpg,active,0.29055209,2022-02-11T00:00:00Z,2022-02-11T02:10:00Z,7542496572,36829984811,2191488142,0.0012,62,112,0,2020-09-13T00:00:00Z,2020-09-13T00:00:00Z,2020-09-14T00:00:00Z,58,-4,0.66462529,2021-11-25T00:00:00Z,"{'volume': '1484863777.14', 'price_change': '-0.022165002', 'price_change_pct': '-0.0709', 'volume_change': '-208377944.38', 'volume_change_pct': '-0.1231', 'market_cap_change': '-167179454.54', 'market_cap_change_pct': '-0.0709'}","{'volume': '29270256108.63', 'price_change': '-0.024132435', 'price_change_pct': '-0.0767', 'volume_change': '14215863141.53', 'volume_change_pct': '0.9443', 'market_cap_change': '-182018806.33', 'market_cap_change_pct': '-0.0767'}",ETH,2020-10-21T20:22:09.286688Z
58,FLOW2,FLOW2,FLOW,Flow,https://s3.us-east-2.amazonaws.com/nomics-api/static/images/currencies/FLOW2.jpg,active,6.83174573,2022-02-11T00:00:00Z,2022-02-11T02:10:00Z,318082398,1403089551,2173058063,0.0012,33,61,0,2021-01-27T00:00:00Z,2021-01-27T00:00:00Z,2021-01-27T00:00:00Z,59,-1,32.84371626,2021-04-05T00:00:00Z,"{'volume': '242995054.43', 'price_change': '-0.29838736', 'price_change_pct': '-0.0418', 'volume_change': '-59438065.51', 'volume_change_pct': '-0.1965', 'market_cap_change': '-94911765.71', 'market_cap_change_pct': '-0.0418'}","{'volume': '4049801176.83', 'price_change': '-0.10152257', 'price_change_pct': '-0.0146', 'volume_change': '2722216115.92', 'volume_change_pct': '2.0505', 'market_cap_change': '-23648067.30', 'market_cap_change_pct': '-0.0108'}",,2021-01-28T14:38:49.921753Z
59,HARMONY,HARMONY,ONE,Harmony,https://s3.us-east-2.amazonaws.com/nomics-api/static/images/currencies/harmony.jpg,active,0.18308380,2022-02-11T00:00:00Z,2022-02-11T02:10:00Z,11702004447,0,2142447434,0.0012,47,304,2530,2017-07-09T00:00:00Z,2018-10-16T00:00:00Z,2019-06-02T00:00:00Z,60,-1,0.31149402,2022-01-14T00:00:00Z,"{'volume': '287080452.68', 'price_change': '-0.0086292829', 'price_change_pct': '-0.0450', 'volume_change': '91628319.14', 'volume_change_pct': '0.4688', 'market_cap_change': '-100323659.70', 'market_cap_change_pct': '-0.0447'}","{'volume': '8843611022.43', 'price_change': '-0.11938076', 'price_change_pct': '-0.3947', 'volume_change': '715207487.41', 'volume_change_pct': '0.0880', 'market_cap_change': '-1361364596.68', 'market_cap_change_pct': '-0.3885'}",HARMONY,
60,AAVE,AAVE,AAVE,Aave,https://s3.us-east-2.amazonaws.com/nomics-api/static/images/currencies/AAVE.jpg,active,154.00135523,2022-02-11T00:00:00Z,2022-02-11T02:10:00Z,13513440,16000000,2081088015,0.0012,137,687,14,2018-11-26T00:00:00Z,2020-10-02T00:00:00Z,2020-10-04T00:00:00Z,61,0,517.55449169,2021-05-18T00:00:00Z,"{'volume': '183029737.39', 'price_change': '-7.32236181', 'price_change_pct': '-0.0454', 'volume_change': '31170043.26', 'volume_change_pct': '0.2053', 'market_cap_change': '-98904592.06', 'market_cap_change_pct': '-0.0454'}","{'volume': '7214978548.98', 'price_change': '-37.36237888', 'price_change_pct': '-0.1952', 'volume_change': '-4756027501.31', 'volume_change_pct': '-0.3973', 'market_cap_change': '-498454445.34', 'market_cap_change_pct': '-0.1932'}",ETH,
61,CAKE,CAKE,CAKE,PancakeSwap,https://s3.us-east-2.amazonaws.com/nomics-api/static/images/currencies/CAKE.jpg,active,7.03646372,2022-02-11T00:00:00Z,2022-02-11T02:10:00Z,266819233,632773575,1877463851,0.0011,78,1766,2034,2020-09-22T00:00:00Z,2020-09-22T00:00:00Z,2020-09-29T00:00:00Z,62,2,35.20679115,2021-04-29T00:00:00Z,"{'volume': '99385519.00', 'price_change': '-0.085207230', 'price_change_pct': '-0.0120', 'volume_change': '15212232.58', 'volume_change_pct': '0.1807', 'market_cap_change': '-19933623.14', 'market_cap_change_pct': '-0.0105'}","{'volume': '3413652078.66', 'price_change': '-2.88369516', 'price_change_pct': '-0.2907', 'volume_change': '-99793651.72', 'volume_change_pct': '-0.0284', 'market_cap_change': '-677411768.09', 'market_cap_change_pct': '-0.2651'}",BNB,2021-02-02T14:53:17.269368Z
62,BLOCKSTACK,BLOCKSTACK,STX,Stacks,https://s3.us-east-2.amazonaws.com/nomics-api/static/images/currencies/BLOCKSTACK.png,active,1.40016044,2022-02-11T00:00:00Z,2022-02-11T02:10:00Z,1297740718,1352464600,1817045213,0.0010,22,44,0,2017-11-10T00:00:00Z,2017-11-10T00:00:00Z,2019-06-05T00:00:00Z,63,0,2.53909295,2021-12-01T00:00:00Z,"{'volume': '46420999.59', 'price_change': '-0.12028687', 'price_change_pct': '-0.0791', 'volume_change': '-2531941.16', 'volume_change_pct': '-0.0517', 'market_cap_change': '-155911601.64', 'market_cap_change_pct': '-0.0790'}","{'volume': '1832063597.80', 'price_change': '-0.49426327', 'price_change_pct': '-0.2609', 'volume_change': '-419782345.03', 'volume_change_pct': '-0.1864', 'market_cap_change': '-632172251.38', 'market_cap_change_pct': '-0.2581'}",,
63,QNT,QNT,QNT,Quant,https://s3.us-east-2.amazonaws.com/nomics-api/static/images/currencies/qnt.jpg,active,123.81622576,2022-02-11T00:00:00Z,2022-02-11T02:10:00Z,13413953,14612493,1660865091,0.0009,53,110,1,2018-06-25T00:00:00Z,2018-06-25T00:00:00Z,2019-01-29T00:00:00Z,64,1,334.53416654,2021-09-10T00:00:00Z,"{'volume': '42682286.05', 'price_change': '-8.07044129', 'price_change_pct': '-0.0612', 'volume_change': '770119.82', 'volume_change_pct': '0.0184', 'market_cap_change': '-108256523.99', 'market_cap_change_pct': '-0.0612'}","{'volume': '1459965932.44', 'price_change': '-24.10236583', 'price_change_pct': '-0.1629', 'volume_change': '-11537870.98', 'volume_change_pct': '-0.0078', 'market_cap_change': '-323308013.77', 'market_cap_change_pct': '-0.1629'}",ETH,
64,MKR,MKR,MKR,Maker,https://s3.us-east-2.amazonaws.com/nomics-api/static/images/currencies/MKR.svg,active,1821.73153826,2022-02-11T00:00:00Z,2022-02-11T02:10:00Z,901311,977631,1641946578,0.0009,158,741,16,2017-12-21T00:00:00Z,2017-12-21T00:00:00Z,2018-09-07T00:00:00Z,65,1,4979.92641091,2021-05-03T00:00:00Z,"{'volume': '75188408.75', 'price_change': '-114.05262031', 'price_change_pct': '-0.0589', 'volume_change': '28341307.00', 'volume_change_pct': '0.6050', 'market_cap_change': '-102796875.25', 'market_cap_change_pct': '-0.0589'}","{'volume': '2230973890.94', 'price_change': '-77.12913926', 'price_change_pct': '-0.0406', 'volume_change': '-31056504.11', 'volume_change_pct': '-0.0137', 'market_cap_change': '-69517337.57', 'market_cap_change_pct': '-0.0406'}",ETH,
65,BSV,BSV,BSV,Bitcoin SV,https://s3.us-east-2.amazonaws.com/nomics-api/static/images/currencies/BSV.png,active,85.89347517,2022-02-11T00:00:00Z,2022-02-11T02:10:00Z,18975927,21000000,1629908284,0.0009,140,688,129,2017-07-09T00:00:00Z,2018-11-08T00:00:00Z,2018-11-13T00:00:00Z,66,3,377.67117779,2020-01-14T00:00:00Z,"{'volume': '88645043.27', 'price_change': '-1.94565088', 'price_change_pct': '-0.0222', 'volume_change': '20521729.88', 'volume_change_pct': '0.3012', 'market_cap_change': '-36830493.18', 'market_cap_change_pct': '-0.0221'}","{'volume': '3017767172.44', 'price_change': '-12.99626667', 'price_change_pct': '-0.1314', 'volume_change': '-8614940078.45', 'volume_change_pct': '-0.7406', 'market_cap_change': '-243964103.77', 'market_cap_change_pct': '-0.1302'}",,
66,ENJ,ENJ,ENJ,Enjin Coin,https://s3.us-east-2.amazonaws.com/nomics-api/static/images/currencies/enj.svg,active,1.73805114,2022-02-11T00:00:00Z,2022-02-11T02:10:00Z,934340660,1000000000,1623931847,0.0009,143,362,1,2017-11-01T00:00:00Z,2017-11-01T00:00:00Z,2018-08-29T00:00:00Z,67,0,4.00201230,2021-11-24T00:00:00Z,"{'volume': '220906691.63', 'price_change': '-0.095700477', 'price_change_pct': '-0.0522', 'volume_change': '25127196.96', 'volume_change_pct': '0.1283', 'market_cap_change': '-89416847.03', 'market_cap_change_pct': '-0.0522'}","{'volume': '6060765138.91', 'price_change': '-0.47113693', 'price_change_pct': '-0.2133', 'volume_change': '-1277698503.27', 'volume_change_pct': '-0.1741', 'market_cap_change': '-440202385.40', 'market_cap_change_pct': '-0.2133'}",ETH,
67,AR,AR,AR,Arweave,https://s3.us-east-2.amazonaws.com/nomics-api/static/images/currencies/AR.jpeg,active,30.85471888,2022-02-11T00:00:00Z,2022-02-11T02:10:00Z,50108502,64598643,1546083743,0.0009,34,57,0,2020-02-13T00:00:00Z,2020-06-20T00:00:00Z,2020-02-13T00:00:00Z,68,0,73.98746402,2021-11-04T00:00:00Z,"{'volume': '108684620.47', 'price_change': '-2.80904633', 'price_change_pct': '-0.0834', 'volume_change': '30162261.03', 'volume_change_pct': '0.3841', 'market_cap_change': '-140757103.82', 'market_cap_change_pct': '-0.0834'}","{'volume': '1890448316.82', 'price_change': '-14.72019484', 'price_change_pct': '-0.3230', 'volume_change': '-821440971.78', 'volume_change_pct': '-0.3029', 'market_cap_change': '-737606912.64', 'market_cap_change_pct': '-0.3230'}",,
68,XEC,XEC,XEC,eCash,https://s3.us-east-2.amazonaws.com/nomics-api/static/images/currencies/XEC.jpg,active,0.000079465575,2022-02-11T00:00:00Z,2022-02-11T02:10:00Z,18975935923313,21000000000000,1507933663,0.0008,36,64,1,2020-09-24T00:00:00Z,2020-11-15T00:00:00Z,2020-11-15T00:00:00Z,69,1,0.00028020467,2021-09-04T00:00:00Z,"{'volume': '24944041.09', 'price_change': '-0.0000036778707', 'price_change_pct': '-0.0442', 'volume_change': '-1348701.58', 'volume_change_pct': '-0.0513', 'market_cap_change': '-69722446.15', 'market_cap_change_pct': '-0.0442'}","{'volume': '791357484.52', 'price_change': '-0.0000070283065', 'price_change_pct': '-0.0813', 'volume_change': '-151240576.84', 'volume_change_pct': '-0.1605', 'market_cap_change': '-131033681.36', 'market_cap_change_pct': '-0.0799'}",,2021-07-07T19:15:23.761148Z
69,NEO,NEO,NEO,NEO,https://s3.us-east-2.amazonaws.com/nomics-api/static/images/currencies/neo.svg,active,20.62219522,2022-02-11T00:00:00Z,2022-02-11T02:10:00Z,70530000,100000000,1454483429,0.0008,131,447,4,2016-10-26T00:00:00Z,2017-07-14T00:00:00Z,2018-08-29T00:00:00Z,70,1,157.11460985,2018-01-15T00:00:00Z,"{'volume': '187759944.88', 'price_change': '-1.40515187', 'price_change_pct': '-0.0638', 'volume_change': '34801597.73', 'volume_change_pct': '0.2275', 'market_cap_change': '-99105361.72', 'market_cap_change_pct': '-0.0638'}","{'volume': '3675609332.88', 'price_change': '-1.06556379', 'price_change_pct': '-0.0491', 'volume_change': '-440886599.18', 'volume_change_pct': '-0.1071', 'market_cap_change': '-75154213.97', 'market_cap_change_pct': '-0.0491'}",NEO,
70,KSM,KSM,KSM,Kusama,https://s3.us-east-2.amazonaws.com/nomics-api/static/images/currencies/KSM.jpg,active,156.26262319,2022-02-11T00:00:00Z,2022-02-11T02:10:00Z,8980098,10000000,1403253682,0.0008,67,130,0,2019-07-31T00:00:00Z,2020-07-25T00:00:00Z,2019-12-31T00:00:00Z,71,1,494.51397743,2021-05-14T00:00:00Z,"{'volume': '61971920.01', 'price_change': '-7.87450448', 'price_change_pct': '-0.0480', 'volume_change': '13890563.09', 'volume_change_pct': '0.2889', 'market_cap_change': '-70713822.55', 'market_cap_change_pct': '-0.0480'}","{'volume': '1731833326.85', 'price_change': '-84.72726101', 'price_change_pct': '-0.3516', 'volume_change': '-293390784.48', 'volume_change_pct': '-0.1449', 'market_cap_change': '-760859113.42', 'market_cap_change_pct': '-0.3516'}",,
71,HT,HT,HT,Huobi Token,https://s3.us-east-2.amazonaws.com/nomics-api/static/images/currencies/ht.jpg,active,8.77493924,2022-02-11T00:00:00Z,2022-02-11T02:10:00Z,156741729,500000000,1375399151,0.0008,79,1313,21441,2018-06-16T00:00:00Z,2018-06-16T00:00:00Z,2019-02-15T00:00:00Z,72,3,28.79497956,2021-05-12T00:00:00Z,"{'volume': '39662532.81', 'price_change': '0.027527551', 'price_change_pct': '0.0031', 'volume_change': '4686398.55', 'volume_change_pct': '0.1340', 'market_cap_change': '4314716.02', 'market_cap_change_pct': '0.0031'}","{'volume': '1287308093.66', 'price_change': '0.45956286', 'price_change_pct': '0.0553', 'volume_change': '-1399165629.57', 'volume_change_pct': '-0.5208', 'market_cap_change': '63867385.45', 'market_cap_change_pct': '0.0487'}",HT,
72,KCS,KCS,KCS,KuCoin Token,https://s3.us-east-2.amazonaws.com/nomics-api/static/images/currencies/kcs.jpg,active,17.76644494,2022-02-11T00:00:00Z,2022-02-11T02:09:00Z,76429661,166429661,1357883364,0.0008,15,70,438,2017-09-17T00:00:00Z,2020-03-26T00:00:00Z,2019-06-04T00:00:00Z,73,1,24.49301559,2021-11-25T00:00:00Z,"{'volume': '14385589.40', 'price_change': '-0.43221508', 'price_change_pct': '-0.0237', 'volume_change': '3222337.12', 'volume_change_pct': '0.2887', 'market_cap_change': '-33034051.87', 'market_cap_change_pct': '-0.0237'}","{'volume': '398643448.23', 'price_change': '-0.065991979', 'price_change_pct': '-0.0037', 'volume_change': '-63916696.99', 'volume_change_pct': '-0.1382', 'market_cap_change': '-10399110.74', 'market_cap_change_pct': '-0.0076'}",ETH,
73,ZEC,ZEC,ZEC,Zcash,https://s3.us-east-2.amazonaws.com/nomics-api/static/images/currencies/zec.svg,active,107.52732854,2022-02-11T00:00:00Z,2022-02-11T02:10:00Z,12108994,21000000,1302047767,0.0007,173,531,68,2016-09-15T00:00:00Z,2016-09-15T00:00:00Z,2018-08-29T00:00:00Z,74,2,1898.20046729,2016-10-29T00:00:00Z,"{'volume': '278655042.17', 'price_change': '-2.07775759', 'price_change_pct': '-0.0190', 'volume_change': '525179.40', 'volume_change_pct': '0.0019', 'market_cap_change': '-24767373.33', 'market_cap_change_pct': '-0.0187'}","{'volume': '7517076130.60', 'price_change': '-18.93680939', 'price_change_pct': '-0.1497', 'volume_change': '-2378775527.37', 'volume_change_pct': '-0.2404', 'market_cap_change': '-215724271.41', 'market_cap_change_pct': '-0.1421'}",,
74,TUSD,TUSD,TUSD,TrueUSD,https://s3.us-east-2.amazonaws.com/nomics-api/static/images/currencies/tusd.svg,active,0.87718489,2022-02-11T00:00:00Z,2022-02-11T02:10:00Z,1477731617,1477731617,1296243851,0.0007,123,796,60,2018-03-06T00:00:00Z,2018-03-06T00:00:00Z,2018-08-29T00:00:00Z,75,4,0.93832572,2020-03-20T00:00:00Z,"{'volume': '99664792.11', 'price_change': '0.00055541804', 'price_change_pct': '0.0006', 'volume_change': '-36860442.50', 'volume_change_pct': '-0.2700', 'market_cap_change': '4295630.22', 'market_cap_change_pct': '0.0033'}","{'volume': '2417784238.44', 'price_change': '0.0013871939', 'price_change_pct': '0.0016', 'volume_change': '-768984410.39', 'volume_change_pct': '-0.2413', 'market_cap_change': '56886403.21', 'market_cap_change_pct': '0.0459'}",ETH,
75,AMP2,AMP2,AMP,AMP Token,https://s3.us-east-2.amazonaws.com/nomics-api/static/images/currencies/AMP2.jpg,active,0.026343246,2022-02-11T00:00:00Z,2022-02-11T02:10:00Z,48013928909,99443409609,1264842754,0.0007,29,59,2,2015-11-04T00:00:00Z,2017-11-22T00:00:00Z,2018-09-12T00:00:00Z,76,2,0.089716518,2021-06-16T00:00:00Z,"{'volume': '10329219.87', 'price_change': '-0.00094866695', 'price_change_pct': '-0.0348', 'volume_change': '-2323131.61', 'volume_change_pct': '-0.1836', 'market_cap_change': '-45549227.35', 'market_cap_change_pct': '-0.0348'}","{'volume': '455083860.61', 'price_change': '-0.011095034', 'price_change_pct': '-0.2964', 'volume_change': '-264475100.70', 'volume_change_pct': '-0.3676', 'market_cap_change': '-532716166.08', 'market_cap_change_pct': '-0.2964'}",ETH,2020-12-08T16:40:31.111161Z
76,KDA,KDA,KDA,Kadena,https://s3.us-east-2.amazonaws.com/nomics-api/static/images/currencies/KDA.png,active,7.36149587,2022-02-11T00:00:00Z,2022-02-11T02:10:00Z,167816066,1000000000,1235377277,0.0007,12,18,0,2019-12-17T00:00:00Z,2020-08-17T00:00:00Z,2020-01-07T00:00:00Z,77,-4,20.89556624,2021-11-11T00:00:00Z,"{'volume': '118338024.33', 'price_change': '-1.14831834', 'price_change_pct': '-0.1349', 'volume_change': '28273837.01', 'volume_change_pct': '0.3139', 'market_cap_change': '-192706266.73', 'market_cap_change_pct': '-0.1349'}","{'volume': '1301325353.48', 'price_change': '-1.53877560', 'price_change_pct': '-0.1729', 'volume_change': '-317523045.92', 'volume_change_pct': '-0.1961', 'market_cap_change': '-249442844.64', 'market_cap_change_pct': '-0.1680'}",,
77,CRV,CRV,CRV,Curve DAO Token,https://s3.us-east-2.amazonaws.com/nomics-api/static/images/currencies/CRV2.jpg,active,2.77482719,2022-02-11T00:00:00Z,2022-02-11T02:10:00Z,443277359,1687623892,1230018071,0.0007,118,413,32,2020-08-12T00:00:00Z,2020-08-12T00:00:00Z,2020-08-14T00:00:00Z,78,-1,9.50972214,2020-08-14T00:00:00Z,"{'volume': '330356548.70', 'price_change': '-0.19336751', 'price_change_pct': '-0.0651', 'volume_change': '87026857.08', 'volume_change_pct': '0.3576', 'market_cap_change': '-84197279.58', 'market_cap_change_pct': '-0.0641'}","{'volume': '14201819443.09', 'price_change': '-1.51924672', 'price_change_pct': '-0.3538', 'volume_change': '-7717029240.77', 'volume_change_pct': '-0.3521', 'market_cap_change': '-694062071.63', 'market_cap_change_pct': '-0.3607'}",ETH,
78,CEL,CEL,CEL,Celsius,https://s3.us-east-2.amazonaws.com/nomics-api/static/images/currencies/cel.jpg,active,2.97251330,2022-02-11T00:00:00Z,2022-02-11T02:09:00Z,410730516,695658161,1220901922,0.0007,44,117,1,2018-04-24T00:00:00Z,2018-04-24T00:00:00Z,2019-06-12T00:00:00Z,79,3,6.57837434,2021-06-03T00:00:00Z,"{'volume': '6407890.56', 'price_change': '0.10881405', 'price_change_pct': '0.0380', 'volume_change': '2035972.33', 'volume_change_pct': '0.4657', 'market_cap_change': '44693252.60', 'market_cap_change_pct': '0.0380'}","{'volume': '170518943.34', 'price_change': '0.10568701', 'price_change_pct': '0.0369', 'volume_change': '6637998.32', 'volume_change_pct': '0.0405', 'market_cap_change': '43408880.24', 'market_cap_change_pct': '0.0369'}",ETH,
79,RUNE,RUNE,RUNE,Thorchain,https://s3.us-east-2.amazonaws.com/nomics-api/static/images/currencies/RUNE.png,active,3.94411981,2022-02-11T00:00:00Z,2022-02-11T02:10:00Z,300750085,500000000,1186194368,0.0007,34,73,0,2019-07-20T00:00:00Z,2019-07-20T00:00:00Z,2019-07-26T00:00:00Z,80,0,16.74321430,2021-05-18T00:00:00Z,"{'volume': '123757403.91', 'price_change': '-0.24384113', 'price_change_pct': '-0.0582', 'volume_change': '43028045.65', 'volume_change_pct': '0.5330', 'market_cap_change': '-73335239.25', 'market_cap_change_pct': '-0.0582'}","{'volume': '3901882941.37', 'price_change': '-2.17094906', 'price_change_pct': '-0.3550', 'volume_change': '-700365460.38', 'volume_change_pct': '-0.1522', 'market_cap_change': '-646798045.82', 'market_cap_change_pct': '-0.3529'}",BNB,
80,BITTORRENT,BITTORRENT,BTT,BitTorrent V1 (OLD),https://s3.us-east-2.amazonaws.com/nomics-api/static/images/currencies/bittorrent.png,active,0.0012535085,2022-02-11T00:00:00Z,2022-02-11T02:09:00Z,932497500000,990000000000,1168893509,0.0007,101,244,2,2018-05-23T00:00:00Z,2018-05-23T00:00:00Z,2019-01-31T00:00:00Z,81,-19,0.25328565,2018-06-02T00:00:00Z,"{'volume': '342026.76', 'price_change': '-0.00096861883', 'price_change_pct': '-0.4359', 'volume_change': '19325.20', 'volume_change_pct': '0.0599', 'market_cap_change': '-903234636.78', 'market_cap_change_pct': '-0.4359'}","{'volume': '310987747.85', 'price_change': '-0.0010256144', 'price_change_pct': '-0.4500', 'volume_change': '-3231592385.97', 'volume_change_pct': '-0.9122', 'market_cap_change': '-956382902.22', 'market_cap_change_pct': '-0.4500'}",TRX,
81,BAT,BAT,BAT,Basic Attention Token,https://s3.us-east-2.amazonaws.com/nomics-api/static/images/currencies/bat.svg,active,0.77121421,2022-02-11T00:00:00Z,2022-02-11T02:10:00Z,1495079069,1500000000,1153026227,0.0006,206,690,12,2017-06-03T00:00:00Z,2017-10-01T00:00:00Z,2018-08-29T00:00:00Z,82,-1,1.55509053,2021-11-27T00:00:00Z,"{'volume': '86281453.15', 'price_change': '-0.045783447', 'price_change_pct': '-0.0560', 'volume_change': '18612329.20', 'volume_change_pct': '0.2750', 'market_cap_change': '-68254917.57', 'market_cap_change_pct': '-0.0559'}","{'volume': '2724488498.51', 'price_change': '-0.20883752', 'price_change_pct': '-0.2131', 'volume_change': '-3253180870.46', 'volume_change_pct': '-0.5442', 'market_cap_change': '-311175883.71', 'market_cap_change_pct': '-0.2125'}",ETH,
82,LRC,LRC,LRC,Loopring,https://s3.us-east-2.amazonaws.com/nomics-api/static/images/currencies/LRC.jpg,active,0.88910760,2022-02-11T00:00:00Z,2022-02-11T02:10:00Z,1245991469,1373873440,1107820490,0.0006,122,481,5,2017-07-09T00:00:00Z,2017-09-01T00:00:00Z,2018-08-29T00:00:00Z,83,0,3.02458356,2021-11-24T00:00:00Z,"{'volume': '253080075.85', 'price_change': '-0.036916758', 'price_change_pct': '-0.0399', 'volume_change': '25296880.34', 'volume_change_pct': '0.1111', 'market_cap_change': '-45997966.06', 'market_cap_change_pct': '-0.0399'}","{'volume': '9608862669.17', 'price_change': '-0.54246291', 'price_change_pct': '-0.3789', 'volume_change': '2563658700.88', 'volume_change_pct': '0.3639', 'market_cap_change': '-675904164.13', 'market_cap_change_pct': '-0.3789'}",ETH,
83,CELO,CELO,CELO,Celo,https://s3.us-east-2.amazonaws.com/nomics-api/static/images/currencies/CELO.svg,active,2.73085264,2022-02-11T00:00:00Z,2022-02-11T02:10:00Z,387111233,1000000000,1057143734,0.0006,42,120,114,2020-05-15T00:00:00Z,2020-08-28T00:00:00Z,2020-05-21T00:00:00Z,84,0,6.48431865,2021-09-24T00:00:00Z,"{'volume': '87466572.73', 'price_change': '-0.21907278', 'price_change_pct': '-0.0743', 'volume_change': '17406213.49', 'volume_change_pct': '0.2484', 'market_cap_change': '-84805533.73', 'market_cap_change_pct': '-0.0743'}","{'volume': '2006526804.90', 'price_change': '-1.61362565', 'price_change_pct': '-0.3714', 'volume_change': '-288388856.23', 'volume_change_pct': '-0.1257', 'market_cap_change': '-538168225.39', 'market_cap_change_pct': '-0.3373'}",CELO,
84,CHZ,CHZ,CHZ,Chiliz,https://s3.us-east-2.amazonaws.com/nomics-api/static/images/currencies/CHZ.png,active,0.19480524,2022-02-11T00:00:00Z,2022-02-11T02:10:00Z,5344064580,8888888888,1041051761,0.0006,103,276,4,2019-06-29T00:00:00Z,2019-06-29T00:00:00Z,2019-07-17T00:00:00Z,85,1,0.59466248,2021-04-16T00:00:00Z,"{'volume': '242145622.12', 'price_change': '-0.016030090', 'price_change_pct': '-0.0760', 'volume_change': '29590078.27', 'volume_change_pct': '0.1392', 'market_cap_change': '-85665834.15', 'market_cap_change_pct': '-0.0760'}","{'volume': '4457340762.66', 'price_change': '-0.048609535', 'price_change_pct': '-0.1997', 'volume_change': '-121744794.69', 'volume_change_pct': '-0.0266', 'market_cap_change': '-259772495.48', 'market_cap_change_pct': '-0.1997'}",CHZ,
85,ROSE,ROSE,ROSE,Oasis Network,https://s3.us-east-2.amazonaws.com/nomics-api/static/images/currencies/ROSE.jpg,active,0.29716917,2022-02-11T00:00:00Z,2022-02-11T02:10:00Z,3490000000,10000000000,1037120419,0.0006,31,53,0,2020-02-20T00:00:00Z,2020-10-28T00:00:00Z,2020-04-22T00:00:00Z,86,-1,0.79735988,2020-09-01T00:00:00Z,"{'volume': '191434188.94', 'price_change': '-0.026305555', 'price_change_pct': '-0.0813', 'volume_change': '26498399.06', 'volume_change_pct': '0.1607', 'market_cap_change': '-91806385.52', 'market_cap_change_pct': '-0.0813'}","{'volume': '8949524973.62', 'price_change': '-0.15798715', 'price_change_pct': '-0.3471', 'volume_change': '2390626403.22', 'volume_change_pct': '0.3645', 'market_cap_change': '-551375170.50', 'market_cap_change_pct': '-0.3471'}",ETH,2020-11-11T07:10:09.100371Z
86,NEXO,NEXO,NEXO,Nexo,https://s3.us-east-2.amazonaws.com/nomics-api/static/images/currencies/nexo.png,active,1.84656749,2022-02-11T00:00:00Z,2022-02-11T02:10:00Z,560000010,1000000000,1034077813,0.0006,49,106,0,2018-05-01T00:00:00Z,2018-05-01T00:00:00Z,2019-03-07T00:00:00Z,87,0,3.26676283,2021-05-03T00:00:00Z,"{'volume': '8842436.09', 'price_change': '-0.13655607', 'price_change_pct': '-0.0689', 'volume_change': '836938.61', 'volume_change_pct': '0.1045', 'market_cap_change': '-76471399.71', 'market_cap_change_pct': '-0.0689'}","{'volume': '241064837.67', 'price_change': '-0.19761278', 'price_change_pct': '-0.0967', 'volume_change': '-90864518.11', 'volume_change_pct': '-0.2737', 'market_cap_change': '-110663160.00', 'market_cap_change_pct': '-0.0967'}",ETH,
87,DASH,DASH,DASH,Dash,https://s3.us-east-2.amazonaws.com/nomics-api/static/images/currencies/dash.svg,active,97.11365803,2022-02-11T00:00:00Z,2022-02-11T02:10:00Z,10573185,18920000,1026800693,0.0006,201,906,180,2014-02-07T00:00:00Z,2014-02-07T00:00:00Z,2018-08-29T00:00:00Z,88,0,1217.92292707,2017-12-20T00:00:00Z,"{'volume': '196885677.27', 'price_change': '-2.18968653', 'price_change_pct': '-0.0221', 'volume_change': '14595978.21', 'volume_change_pct': '0.0801', 'market_cap_change': '-23010448.60', 'market_cap_change_pct': '-0.0219'}","{'volume': '5933248994.24', 'price_change': '-28.55019726', 'price_change_pct': '-0.2272', 'volume_change': '-1743129382.74', 'volume_change_pct': '-0.2271', 'market_cap_change': '-295739101.08', 'market_cap_change_pct': '-0.2236'}",,
88,HBTC,HBTC,HBTC,Huobi BTC (ERC-20),https://s3.us-east-2.amazonaws.com/nomics-api/static/images/currencies/HBTC.png,active,37971.81726909,2022-02-11T00:00:00Z,2022-02-11T02:08:00Z,25049,39884,951158755,0.0005,10,12,0,2020-08-27T00:00:00Z,2020-08-27T00:00:00Z,2020-09-28T00:00:00Z,89,3,58603.63862682,2021-11-08T00:00:00Z,"{'volume': '346390.55', 'price_change': '-590.39303287', 'price_change_pct': '-0.0153', 'volume_change': '76209.10', 'volume_change_pct': '0.2821', 'market_cap_change': '-14788797.12', 'market_cap_change_pct': '-0.0153'}","{'volume': '103129334.10', 'price_change': '-608.79518265', 'price_change_pct': '-0.0158', 'volume_change': '50626885.22', 'volume_change_pct': '0.9643', 'market_cap_change': '-55759396.95', 'market_cap_change_pct': '-0.0554'}",ETH,2020-12-20T19:05:46.698792Z
89,PAX,PAX,USDP,Pax Dollar,https://s3.us-east-2.amazonaws.com/nomics-api/static/images/currencies/pax.png,active,0.87615566,2022-02-11T00:00:00Z,2022-02-11T02:10:00Z,1083929017,1083929017,949690545,0.0005,107,613,20,2018-09-27T00:00:00Z,2018-09-27T00:00:00Z,2018-09-29T00:00:00Z,90,3,0.93928620,2020-03-20T00:00:00Z,"{'volume': '10118895.45', 'price_change': '0.00014668798', 'price_change_pct': '0.0002', 'volume_change': '5480711.99', 'volume_change_pct': '1.1817', 'market_cap_change': '3068961.80', 'market_cap_change_pct': '0.0032'}","{'volume': '292263994.25', 'price_change': '0.00029914732', 'price_change_pct': '0.0003', 'volume_change': '-41130077.09', 'volume_change_pct': '-0.1234', 'market_cap_change': '33274515.18', 'market_cap_change_pct': '0.0363'}",ETH,
90,WAVES,WAVES,WAVES,Waves,https://s3.us-east-2.amazonaws.com/nomics-api/static/images/currencies/WAVES.png,active,9.40578907,2022-02-11T00:00:00Z,2022-02-11T02:10:00Z,100000000,100000000,940578907,0.0005,86,1572,6160,2016-06-20T00:00:00Z,2016-11-15T00:00:00Z,2018-08-29T00:00:00Z,91,-2,29.88579778,2021-05-05T00:00:00Z,"{'volume': '216643292.32', 'price_change': '-0.67121544', 'price_change_pct': '-0.0666', 'volume_change': '-133336613.12', 'volume_change_pct': '-0.3810', 'market_cap_change': '-67121544.01', 'market_cap_change_pct': '-0.0666'}","{'volume': '4532036931.57', 'price_change': '-3.50625136', 'price_change_pct': '-0.2715', 'volume_change': '1252866780.14', 'volume_change_pct': '0.3821', 'market_cap_change': '-350625135.63', 'market_cap_change_pct': '-0.2715'}",WAVES,
91,SNX,SNX,SNX,Synthetix Network Token,https://s3.us-east-2.amazonaws.com/nomics-api/static/images/currencies/SNX.png,active,4.57524097,2022-02-11T00:00:00Z,2022-02-11T02:10:00Z,202032073,242519075,924345416,0.0005,134,1059,18,2018-03-15T00:00:00Z,2018-03-15T00:00:00Z,2019-05-15T00:00:00Z,92,-2,22.38926616,2021-02-12T00:00:00Z,"{'volume': '66061081.65', 'price_change': '-0.37219959', 'price_change_pct': '-0.0752', 'volume_change': '15568661.45', 'volume_change_pct': '0.3083', 'market_cap_change': '-74117388.18', 'market_cap_change_pct': '-0.0742'}","{'volume': '2237165707.20', 'price_change': '-0.18048173', 'price_change_pct': '-0.0380', 'volume_change': '-999178651.76', 'volume_change_pct': '-0.3087', 'market_cap_change': '-22514043.41', 'market_cap_change_pct': '-0.0238'}",ETH,
92,IOTX,IOTX,IOTX,IoTeX,https://s3.us-east-2.amazonaws.com/nomics-api/static/images/currencies/IOTX.jpg,active,0.097006698,2022-02-11T00:00:00Z,2022-02-11T02:10:00Z,9490829322,9496266827,920674014,0.0005,43,98,111,2018-05-24T00:00:00Z,2018-05-24T00:00:00Z,2018-08-29T00:00:00Z,93,5,0.21529701,2021-11-10T00:00:00Z,"{'volume': '205309703.19', 'price_change': '0.0039427615', 'price_change_pct': '0.0424', 'volume_change': '-126769174.63', 'volume_change_pct': '-0.3817', 'market_cap_change': '37420076.10', 'market_cap_change_pct': '0.0424'}","{'volume': '4098457440.27', 'price_change': '0.0028679407', 'price_change_pct': '0.0305', 'volume_change': '-147582768.35', 'volume_change_pct': '-0.0348', 'market_cap_change': '27219135.75', 'market_cap_change_pct': '0.0305'}",IOTX,
93,SUSHI,SUSHI,SUSHI,Sushi,https://s3.us-east-2.amazonaws.com/nomics-api/static/images/currencies/SUSHI.jpg,active,3.84994328,2022-02-11T00:00:00Z,2022-02-11T02:10:00Z,238894782,240117869,919731361,0.0005,142,510,56,2019-06-03T00:00:00Z,2020-08-28T00:00:00Z,2020-08-28T00:00:00Z,94,-3,19.05548995,2021-03-13T00:00:00Z,"{'volume': '211831372.50', 'price_change': '-0.30311359', 'price_change_pct': '-0.0730', 'volume_change': '56221268.16', 'volume_change_pct': '0.3613', 'market_cap_change': '-72359539.55', 'market_cap_change_pct': '-0.0729'}","{'volume': '7010089069.58', 'price_change': '-2.36980063', 'price_change_pct': '-0.3810', 'volume_change': '-9154613009.05', 'volume_change_pct': '-0.5663', 'market_cap_change': '-561606195.37', 'market_cap_change_pct': '-0.3791'}",ETH,
94,GT,GT,GT,Gatechain Token,https://s3.us-east-2.amazonaws.com/nomics-api/static/images/currencies/GT.png,active,6.05511811,2022-02-11T00:00:00Z,2022-02-11T02:10:00Z,151758802,300000000,918917468,0.0005,23,55,0,2019-04-21T00:00:00Z,2019-04-21T00:00:00Z,2019-06-04T00:00:00Z,95,1,9.28589455,2021-05-12T00:00:00Z,"{'volume': '4578680.97', 'price_change': '-0.041199983', 'price_change_pct': '-0.0068', 'volume_change': '-978174.92', 'volume_change_pct': '-0.1760', 'market_cap_change': '-6252460.01', 'market_cap_change_pct': '-0.0068'}","{'volume': '170978080.90', 'price_change': '0.041840668', 'price_change_pct': '0.0070', 'volume_change': '15678164.80', 'volume_change_pct': '0.1010', 'market_cap_change': '-26095469.28', 'market_cap_change_pct': '-0.0276'}",ETH,
95,MINA,MINA,MINA,Mina Protocol,https://s3.us-east-2.amazonaws.com/nomics-api/static/images/currencies/MINA.png,active,2.38706691,2022-02-11T00:00:00Z,2022-02-11T02:10:00Z,374145973,892306973,893111470,0.0005,27,43,0,2021-04-13T00:00:00Z,2021-04-13T00:00:00Z,2021-04-15T00:00:00Z,96,-2,45.88624230,2021-05-30T00:00:00Z,"{'volume': '41980191.34', 'price_change': '-0.13547677', 'price_change_pct': '-0.0537', 'volume_change': '14495819.71', 'volume_change_pct': '0.5274', 'market_cap_change': '-48827518.50', 'market_cap_change_pct': '-0.0518'}","{'volume': '1337961195.85', 'price_change': '-0.76577560', 'price_change_pct': '-0.2429', 'volume_change': '-215929760.94', 'volume_change_pct': '-0.1390', 'market_cap_change': '-199863385.92', 'market_cap_change_pct': '-0.1829'}",,2021-04-14T14:25:23.039277Z
96,XEM,XEM,XEM,NEM,https://s3.us-east-2.amazonaws.com/nomics-api/static/images/currencies/xem.svg,active,0.099004095,2022-02-11T00:00:00Z,2022-02-11T02:10:00Z,8999999999,8999999999,891036853,0.0005,90,212,1,2015-03-31T00:00:00Z,2015-03-31T00:00:00Z,2018-08-29T00:00:00Z,97,-2,1.50484282,2018-01-07T00:00:00Z,"{'volume': '30221637.96', 'price_change': '-0.0041542213', 'price_change_pct': '-0.0403', 'volume_change': '3359465.20', 'volume_change_pct': '0.1251', 'market_cap_change': '-37387992.03', 'market_cap_change_pct': '-0.0403'}","{'volume': '854525834.73', 'price_change': '-0.0050716974', 'price_change_pct': '-0.0487', 'volume_change': '-1824987290.08', 'volume_change_pct': '-0.6811', 'market_cap_change': '-45645276.94', 'market_cap_change_pct': '-0.0487'}",,
97,HOT,HOT,HOT,Holo,https://s3.us-east-2.amazonaws.com/nomics-api/static/images/currencies/hot.png,active,0.0047768784,2022-02-11T00:00:00Z,2022-02-11T02:10:00Z,177619433541,177619433541,848466434,0.0005,88,247,0,2018-04-29T00:00:00Z,2018-04-29T00:00:00Z,2018-08-29T00:00:00Z,98,1,0.024381324,2021-04-05T00:00:00Z,"{'volume': '83958505.25', 'price_change': '-0.00012614584', 'price_change_pct': '-0.0257', 'volume_change': '2108231.83', 'volume_change_pct': '0.0258', 'market_cap_change': '-22405952.35', 'market_cap_change_pct': '-0.0257'}","{'volume': '1911184503.51', 'price_change': '-0.00095535895', 'price_change_pct': '-0.1667', 'volume_change': '-1215832214.94', 'volume_change_pct': '-0.3888', 'market_cap_change': '-169690316.28', 'market_cap_change_pct': '-0.1667'}",ETH,
98,DCR,DCR,DCR,Decred,https://s3.us-east-2.amazonaws.com/nomics-api/static/images/currencies/dcr.svg,active,60.24148743,2022-02-11T00:00:00Z,2022-02-11T02:09:00Z,13755681,21000000,828662663,0.0005,53,120,0,2016-02-09T00:00:00Z,2016-05-16T00:00:00Z,2018-09-12T00:00:00Z,99,2,205.56378000,2021-04-16T00:00:00Z,"{'volume': '4697862.37', 'price_change': '0.54425495', 'price_change_pct': '0.0091', 'volume_change': '-169338.54', 'volume_change_pct': '-0.0348', 'market_cap_change': '7651095.76', 'market_cap_change_pct': '0.0093'}","{'volume': '247138398.32', 'price_change': '5.72975868', 'price_change_pct': '0.1051', 'volume_change': '-22657829.45', 'volume_change_pct': '-0.0840', 'market_cap_change': '83579051.18', 'market_cap_change_pct': '0.1122'}",,
99,LN,LN,LN,LINK,https://s3.us-east-2.amazonaws.com/nomics-api/static/images/currencies/LN.png,active,129.58214158,2022-02-11T00:00:00Z,2022-02-11T02:09:00Z,5976022,6045959,774385710,0.0004,1,2,0,2020-03-27T00:00:00Z,,2020-03-27T00:00:00Z,100,2,278.79163202,2021-04-01T00:00:00Z,"{'volume': '405829.38', 'price_change': '-4.86772352', 'price_change_pct': '-0.0362', 'volume_change': '117222.64', 'volume_change_pct': '0.4062', 'market_cap_change': '-29089412.17', 'market_cap_change_pct': '-0.0362'}","{'volume': '11661414.75', 'price_change': '3.29629103', 'price_change_pct': '0.0261', 'volume_change': '-6837474.22', 'volume_change_pct': '-0.3696', 'market_cap_change': '19699135.23', 'market_cap_change_pct': '0.0261'}",,
